SMILES,target
C1=CC(=C(C=C1Cl)CC2=C(C=CC(=C2)Cl)O)O,nsp5
COC1=CC=CC=C1N2CCN(CC2)CC(COC3=CC=CC4=CC=CC=C43)O,nsp5
CC1=CC=CC=C1S(=O)(=O)NC(=O)C2=CC(=C(C=C2)CC3=CN(C4=C3C=C(C=C4)NC(=O)OC5CCCC5)C)OC,nsp5
CCCCCC1=C(C(=CC2=C1OC3=CC(=CC(=C3C(=O)O2)C(=O)CCCC)OC)O)C(=O)O,nsp5
CCCC(=O)OC1=CC2=C(C=C1)C(=CC(=O)O2)C,nsp5
COC1=C(C=C(C=C1Cl)C(=O)NN)Cl,nsp5
CC1=NC2=CC=CC3=C2C(=CC=C3)N1C,nsp5
CN1C2=NC(=O)N(C(=O)C2=NC(=N1)C3=CC=C(C=C3)Cl)C,nsp5
CC(=O)NC1=C(C2=NON=C2C(=C1)OC(=O)C)OC(=O)C,nsp5
C1=CC2=C(C=C1C(=O)O)SC=N2,nsp5
CC1=C(SC(=C1C(=O)C2=CC=CC=C2)NC(=O)CCl)C,nsp5
CCOC(=O)C1=C(SC(=C1)C2=CC=CC=C2)N,nsp5
CC1=CC=C(O1)C(C(=O)NCC2=CC=CO2)N(C3=CC=C(C=C3)OC)C(=O)CN4C5=CC=CC=C5N=N4,nsp5
CC1=CC=C(C=C1)S(=O)(=O)N2CCN(CC2)S(=O)(=O)C3=CC4=C(C=C3)OCCO4,nsp5
CC1=CC2=C(C=C1)NC(=O)C(=C2)CN(CCC3=CC=CC=C3)CC4=NN=NN4CC5CCCO5,nsp5
CC1=CC=C(C=C1)CN(C(C2=CC=CS2)C(=O)NCC3=CC=CO3)C(=O)CN4C5=CC=CC=C5N=N4,nsp5
CCN1C2=NC(=O)N(C(=O)C2=NC(=N1)C3=CC=CC=C3)C,nsp5
C1=CC=C(C(=C1)C2=NN(N=N2)CC(=O)NCC3=CC=CO3)NC(=O)C4=CC=CC=C4F,nsp5
CC1=CC=C(O1)C(C(=O)NCC2=CC=CO2)N(C3=CC=CC=C3OC)C(=O)CN4C5=CC=CC=C5N=N4,nsp5
COCCNC(=O)C(C1=CC(=CC=C1)OC)N(CC2=CC=CS2)C(=O)CN3C4=CC=CC=C4N=N3,nsp5
C1CC2=C(C1)C=C(C=C2)N(C(C3=CC=CO3)C(=O)NCC4=CC=CO4)C(=O)CN5C6=CC=CC=C6N=N5,nsp5
C1COCCN1C(=O)OC2=CC3=C(C=CC=C3OC(=O)N4CCOCC4)C=C2,nsp5
CC(C)NC(=O)CN1CCN(CC1)C2=NC=CC=N2.C(=O)(C(=O)O)O,nsp5
COCCNC(=O)C(C1=CC=CC=C1)N(CC2=CC=CS2)C(=O)CN3C4=CC=CC=C4N=N3,nsp5
CC1=CC=C(C=C1)C(=O)CSC2=NN=C(N2CC3=CC=CO3)CNC4=C(C=C(C=C4)C)C,nsp5
C1=CC=C(C=C1)CN(C(C2=CC=CS2)C(=O)NCC3=CC=CO3)C(=O)CN4C5=CC=CC=C5N=N4,nsp5
C1=CC=C(C=C1)CCN(C(C2=CC=CO2)C(=O)NCC3=CC=CO3)C(=O)CN4C5=CC=CC=C5N=N4,nsp5
CC(C)(C)OC(=O)NCCC(=O)OC1=CC2=C(C=C1)C=CC(=O)O2,nsp5
C1CN(CC2=C1NC3=C2C=C(C=C3)Br)C(=O)CN4CCSCC4,nsp5
CC1=CC(=CC=C1)N2C(C(C(=C2N)C#N)(C#N)C#N)C3=CC=CC=C3,nsp5
CCC1=C(C(=CC=C1)CC)N(COC)C(=O)CN2C3=CC=CC=C3N=N2,nsp5
CC1=C(C(=NN1)C2=C(C=C(C=C2)OCC(=C)C)O)C3=CC=CC=C3,nsp5
CCN1C(=NN=C1SCC(=O)C(C)(C)C)COC2=CC=CC=C2,nsp5
C1=CC=C(C(=C1)C2C3=C(C(=O)N2CC4=CC=CO4)NN=C3C5=CC=CC=C5O)F,nsp5
CC1=C(C=C(C=C1)C(=O)N2C(=CC(=N2)C)C)Br,nsp5
C1=CC=C(C(=C1)/C=C/C(=O)NC2=CN=CC=C2)Cl,nsp5
C1=CC=C2C(=C1)N=NN2CC(=O)C3=CC=C(C=C3)Cl,nsp5
COC(=O)C1=C(SC(=C1)C2=CC=CC=C2)N,nsp5
COC1=CC=CC=C1C(=O)NC2=NC3=CC=CC=C3S2,nsp5
CC1=CC=C(O1)/C=C/2\C(=O)NC(=S)N(C2=O)C3=CC(=CC=C3)OC,nsp5
C1CCN(CC1)C(=S)C2=CC=C(O2)C3=CC=CC=C3Cl,nsp5
COC(=O)C1=CC=C(C=C1)OC(=O)CN2C(=O)C3=CC=CC=C3C2=O,nsp5
CC1=CC(=O)OC2=C1C=CC(=C2)OC(=O)C3=CC=CO3,nsp5
C1=CC=C(C=C1)N2N=C3C=C(C(=CC3=N2)Cl)N,nsp5
C1CC2=C(C1)SC(=C2C#N)NC(=S)NC(=O)C3=CC=CC=C3,nsp5
C1=CC=C2C(=C1)C(=O)N(C2=O)CC(=O)OC3=CC=C(C=C3)F,nsp5
CC1=C(C=C(C=C1)C(=O)N2C=NC3=CC=CC=C32)C,nsp5
C1=CC=C2C(=C1)N=NN2CC(=O)C3=CC=C(C=C3)Br,nsp5
COC1=CC=C(C=C1)N/C=C/2\CCC3=CC=CC=C3C2=O,nsp5
CC1=CC(=CC=C1)C(=O)NC2=NN=C(S2)CC3=CNC4=CC=CC=C43,nsp5
C1=CC(=CN=C1)CNC(=O)/C=C/C2=CC(=C(C=C2)Cl)[N+](=O)[O-],nsp5
CC(=O)C1=C(C2=CC=CC=C2N1C)OC(=O)C3=CC=CO3,nsp5
CCC1=CC(=O)OC2=C1C=CC(=C2)OC(=O)C3=CC=CO3,nsp5
C1=CC=C(C=C1)CN2C=C(C3=CC=CC=C32)/C=C/[N+](=O)[O-],nsp5
CC1=CC=C(C=C1)C(=O)NC(=C(Cl)Cl)C#N,nsp5
CC1=CC(=C(S1)NC(=O)CCl)C(=O)C2=CC=CC=C2,nsp5
CCC1=CC(=C(S1)NC(=O)CCl)C(=O)C2=CC=C(C=C2)C,nsp5
CC(=O)C1=C(NC(=C1)C2=CC=CC=C2)N3CCCC3,nsp5
C1=CC(=C(C(=C1)Cl)/C=C/C(=O)NC2=CN=CC=C2)F,nsp5
CCCN1N=C(N=N1)NC(=O)COC2=CC=C(C=C2)C3CCCCC3,nsp5
CCOC1=C(C(=CC(=C1)C(=O)N)Br)OC,nsp5
CN1C2=NC(=O)N(C(=O)C2=NC(=N1)C3=CC=CC=N3)C,nsp5
C1=CSC(=C1)C2=CSC(=N2)NC(=O)C3=CC=C(C=C3)Cl,nsp5
C1CC(=O)N(C1=O)C2=C(C=CC(=C2)Cl)OC(=O)C3=CC=CO3,nsp5
CN1C=NC2=C1C=CC(=C2)NC(=O)C3=CC=C(C=C3)Cl,nsp5
CSC1=CC=CC(=C1)NC(=O)CC2=CC=CC=C2[N+](=O)[O-],nsp5
COC(=O)C1=C(C=CC(=C1)NC(=O)CC2=CC=CC=C2[N+](=O)[O-])Cl,nsp5
CN1CCN(CC1)CC(=O)NC2=CC(=CC=C2)[N+](=O)[O-],nsp5
CC1=C(ON=C1C)NS(=O)(=O)C2=CC=C(C=C2)NC(=O)C3=C(C4=C(O3)C=CC(=C4)Cl)C,nsp5
CC(C)CNS(=O)(=O)C1=CC=C(C=C1)CCC(=O)NC2=C(C=CC(=C2)Cl)OC3=CC=CC=C3,nsp5
COC1=CC=C(C=C1)C(=O)N2C3=CC4=C(C=C3N=C2SC)OCCO4,nsp5
CC(C)(C)C1=CC=C(C=C1)C(=O)NC2=CC=C(C=C2)S(=O)(=O)NC3=NC4=CC=CC=C4N=C3,nsp5
CC1=CC=C(C=C1)S(=O)(=O)NC2=CC=CC=C2C3=CC=CC=C3NS(=O)(=O)C4=CC=C(C=C4)C,nsp5
C1CCC(CC1)C2=CC=C(C=C2)S(=O)(=O)NC3=CC=CC(=C3)C(=O)O,nsp5
COC1=CC=C(C=C1)N(C(=O)CN2C3=CC=CC=C3N=N2)C4(CCCCC4)C(=O)NC5CCCC5,nsp5
C1=CC=C(C(=C1)NC2=NC(=CS2)C3=CN=CC=C3)Cl,nsp5
CC1=C(C=C(C=C1)C(=O)NCCN2CCOCC2)C,nsp5
C1=COC(=C1)C(=O)N(CC2=CC=C(C=C2)[N+](=O)[O-])C3=CC=C(C=C3)Br,nsp5
COC1=CC=C(C=C1)C(=O)OC2=CN=CC=C2,nsp5
C1=CSC(=C1)C(=O)OC2=CC3=C(C=C2)C=CC(=O)O3,nsp5
COC1=CC=C(C=C1)N(CC2=CC(=O)NC3=CC=CC=C32)C(=O)CCl,nsp5
CC1=NN=C(S1)SC(=O)N2C3=CC=CC=C3SC4=CC=CC=C42,nsp5
C1=CC=C(C=C1)C2=CSC(=C2C(=O)O)NC(=O)/C=C/C3=CC=CS3,nsp5
CC1=C(ON=C1C)NS(=O)(=O)C2=CC=C(C=C2)NC(=O)NC3=CC(=C(C=C3)Cl)Cl,nsp5
CCOC(=O)C1=C(OC2=C1C3=C(C4=CC=CC=C42)OCN(C3)CC5=CC=CC=N5)C,nsp5
CC(=O)N(C)C1=CC=C(C=C1)NS(=O)(=O)C2=C(C=CC(=C2)Cl)Cl,nsp5
CC1=C(C2=C(N1C3=CC=CC=C3OC)C4=CC=CC=C4C(=C2)OC)C(=O)O,nsp5
CN(C)C1=NC(=NC(=N1)N)C2=NC3=CC=CC=C3S2,nsp5
CC1=C(C=C(C=C1)N2C(=NN=N2)SCC(=O)NC(C3=CC=CC=C3)(C4=CC=CC=C4)C(=O)O)C,nsp5
COC(=O)C1=CC=C(C=C1)NC(=O)C2=CC=C(C=C2)NC(=O)C3=CC=CO3,nsp5
CS(=O)(=O)N(CC1=CC=C(C=C1)C(=O)NC2=CC=CC=C2SC3=CC=CC=C3)C4=CC=CC=C4,nsp5
COC1=CC=CC=C1N(CC(=O)NC2=CC(=C(C=C2)Cl)C(=O)OC)S(=O)(=O)C3=CC=CC=C3,nsp5
CC1(CC2=C(CO1)SC3=C2C(=O)N(C(=N3)C4=CC5=CC=CC=C5O4)N)C,nsp5
CC1=C(C=C(C=C1)C(=O)O)NC(=S)NC(=O)C2=CC=C(C=C2)COC3=CC=CC=C3,nsp5
CCC1=NN=C(S1)NS(=O)(=O)C2=CC=C(C=C2)NC(=O)/C=C/C3=CC=CC=C3Cl,nsp5
C1=CC=C(C=C1)C(C2=CC=CC=C2)C(=O)NC(=S)NC3=CC=CC(=C3)C(=O)O,nsp5
C1=CC=C(C(=C1)C(=O)NC(=S)NC2=CC=C(C=C2)NC(=O)C3=CC(=CC=C3)Cl)Cl,nsp5
CC(C)C12CN(CC(C1=O)(CN(C2)C(=O)C3=CC=CC=C3[N+](=O)[O-])C(C)C)C(=O)C4=CC=CC=C4[N+](=O)[O-],nsp5
CC(C)OC1=C(C=C(C(=C1)NC(=O)CSCC(=O)NC2=CC=CC(=C2)C(F)(F)F)Cl)Cl,nsp5
CC1=CC(=C(N1CC2=CC=CO2)C)C(=O)CCl,nsp5
CC1=CC(=C(C=C1)NC(=O)CCC(=O)NNC(=O)C(C2=CC=CC=C2)C3=CC=CC=C3)C,nsp5
CC1=C(C=CC2=C1OC(=O)C3=CC=CC=C23)OCC(=O)N[C@@H](CC4=CNC5=CC=CC=C54)C(=O)O,nsp5
C1=CC=C(C(=C1)C(=O)NN2C(=O)/C(=C/C3=CC=C(C=C3)O)/SC2=S)O,nsp5
CCOC(=O)C1=C(C2=C(O1)N=C(C3=C2CCCC3)CC(C)C)N,nsp5
C1=CC(=CC=C1NS(=O)(=O)C2=CC=C(C=C2)Br)S(=O)(=O)NC3=NC=CS3,nsp5
C1=CC=C(C=C1)CNC(=S)NNC(=S)NC2=CC=CC(=C2)C(F)(F)F,nsp5
COC1=NC(=NC(=C1)NS(=O)(=O)C2=CC=C(C=C2)NC(=S)NC(=O)C3=CC=C(C=C3)F)OC,nsp5
CC(C)OP(=O)(C1(C=C(C(=O)C(=C1)Cl)Cl)NS(=O)(=O)C2=CC=C(C=C2)Cl)OC(C)C,nsp5
CCCCOC1=C(C=C(C=C1)CONS(=O)(=O)C2=CC=C(C=C2)NC(=O)C)Cl,nsp5
CC(=O)N1C=C(C2=CC=CC=C21)N(C3=CC=C(C=C3)Cl)C(=O)CCl,nsp5
C1=CC=C(C=C1)/C=C/CN2C3=CC=CC=C3C(=O)C2=O,nsp5
CC(C)CN(CCC(=O)O)CC(C)C,nsp5
C1=CC=C(C=C1)C(=O)C2=CC=CC=C2NC(=O)CCl,nsp5
C1CN(CCN1C2=CC=CC=C2)C(=O)C3=CC(=O)C4=CC=CC=C4O3,nsp5
COCCOC(=O)/C(=C/C1=CN(N=C1C2=CN=CC=C2)CC3=CC=CC=C3)/C#N,nsp5
C1=CC=C(C=C1)CNC(=O)C2=CC=C(C=C2)S(=O)(=O)NC3=CC=CC(=C3)C(F)(F)F,nsp5
C1CN(CCN1C2=CC=CC=C2)C(=O)C3=CC(=O)NC4=CC=CC=C43,nsp5
COC1=CC(=C(C=C1)C(=O)NN2C=NC3=C(C2=O)C(=CS3)C4=CC=CS4)O,nsp5
COC1=CC=C(C=C1)N2CCN(CC2)C(=O)C3=CC(=O)NC4=CC=CC=C43,nsp5
CC1=CC=C(C=C1)C2=NN(C=C2NC(=O)CCl)C3=CC=CC=C3,nsp5
C1=CC=C(C=C1)C(C2=CC=CC=C2)NC(=O)COC(=O)CCC3=CNC4=CC=CC=C43,nsp5
COC1=CC=C(C=C1)NS(=O)(=O)C2=CC3=C(C=C2)OC(=N3)NC4=CC5=C(C=C4)OCCO5,nsp5
C1COCCN1S(=O)(=O)C2=CC=C(S2)CC(=O)NC3=C(C=C(S3)C4=CC=CC=C4)C(=O)N,nsp5
CC1=CC=C(C=C1)S(=O)(=O)/C(=C/Cl)/NC(=O)C2=CC=CC=C2,nsp5
CC1=C2C(=CC=C1)C(=O)C(=O)N2CCOC3=CC=CC=C3,nsp5
C1CN(CCN1C2=CC=CC=C2)C(=S)NC3=CC(=CC=C3)S(=O)(=O)C(F)F,nsp5
COC(=O)COC1=CC=CC2=C1C=CN(C2=O)CC(=O)NCC3=CC=CC=C3,nsp5
CC1=C(C=C(C=C1)OCC(=O)NC2=C(C=C(C=C2)C(=O)O)NC(=O)COC3=CC(=C(C=C3)C)C)C,nsp5
C1CCN(CC1)S(=O)(=O)C2=CC=C(C=C2)OCC(=O)NC3=CC=CC=C3F,nsp5
C1=CC=C(C=C1)CCCN2C3=CC=CC=C3C(=O)C2=O,nsp5
C1=CC=C(C(=C1)C(=O)NC2=CC(=C(C=C2)OCC(C(F)F)(F)F)C(F)(F)F)O,nsp5
C1=CC=C(C=C1)C\2=NOC(=O)/C2=C\C3=CC=C(O3)C4=CC=CC=C4[N+](=O)[O-],nsp5
CN1C=NC2=C1C=CC(=C2)OC(=O)C3=CC=CC=C3,nsp5
CCOC(=O)C1=C(SC(=C1C2=CC=CC=C2)C(C(F)(F)F)(C(F)(F)F)O)N,nsp5
COC1=CC(=C(C=C1)C2=NNC(=C2C3=CC4=CC=CC=C4O3)C(F)(F)F)O,nsp5
C1=CC=C(C=C1)C2=CC=C(C=C2)/C(=C/C3=CC=C(C=C3)F)/C(=O)O,nsp5
C1CN(CCN1C2=CC(=CC=C2)Cl)C(=O)C3=C(N=C4N3C=CS4)Cl,nsp5
C1=CC=C2C(=C1)N(C3=CC=CC=C3S2)C(=O)COC(=O)C4=CN=CC=C4,nsp5
C1=CC=C(C=C1)N2C=C(C(=N2)C3=CC=C(C=C3)Cl)C(=O)NC4=CC=C(C=C4)C(=O)O,nsp5
C1=CC=C(C=C1)CCN(CCC2=CC=CC=C2)C(=O)CCl,nsp5
CC1=C(C(=CC=C1)NC2=NN=C(S2)SCC(=O)NC3=C(C=C(C=N3)C(F)(F)F)Cl)C,nsp5
C1=CC=C(C=C1)CN(CC2=CC=C(C=C2)C(=O)O)S(=O)(=O)C3=CC=C(C=C3)Cl,nsp5
C1CN(CCN1C(=O)C2=CC(=CN=C2)Br)S(=O)(=O)C3=CC=CC=C3C(F)(F)F,nsp5
COC(=O)[C@@H](CC1=CNC2=CC=CC=C21)NC(=O)C3=CC(=O)NC4=CC=CC=C43,nsp5
C1=CC(=C(C=C1Cl)Cl)CN2C=CSC2=NC(=O)CCl,nsp5
C1=CC=C(C(=C1)CN2C=CSC2=NC(=O)CCl)Cl,nsp5
CC1=CC(=C(C(=C1C)S(=O)(=O)N2CCN(CC2)C(=O)C3=CC(=O)NC4=CC=CC=C43)C)C,nsp5
C1CN(CCN1CC2=CC=CC=C2)C(=O)CNC(=O)C3=CC=C(C=C3)Br,nsp5
COC1=CC=C(C=C1)/C=C(\C#N)/C2=CNC3=CC=CC=C32,nsp5
CC1=C(C(=CC=C1)N2CCN(CC2)C(=O)C3=CC(=O)NC4=CC=CC=C43)C,nsp5
C1CN(CCN1C2=CC=CC(=C2)C(F)(F)F)C(=O)C3=CC(=O)NC4=CC=CC=C43,nsp5
C1=CC(=CC=C1CSC2=NN=C(S2)NC(=O)C3=CC4=C(C=C3)N=CS4)C#N,nsp5
CC1=CC(=CC=C1)CN2CCN(CC2)C(=O)CCl,nsp5
C1=CC=C(C=C1)C2=CSC3=C2C(=NC=N3)SCC(=O)NC4=CC=C(C=C4)C(=O)O,nsp5
CC(C)C1=CC=C(C=C1)S(=O)(=O)NC2=CC=C(C=C2)SC(F)F,nsp5
C1=CC=C(C=C1)CN2C=C(C(=N2)C3=CN=CC=C3)C=O,nsp5
CC1=CC(=C(C(=C1)Br)NC(=O)CON2C3=C(C=CC(=C3)S(=O)(=O)C)N=N2)Br,nsp5
CC1=C(C=CC(=C1)NC(=O)CON2C3=C(C=CC(=C3)S(=O)(=O)C)N=N2)Br,nsp5
CC1=CC(=C(N1C2=CC(=CC=C2)[N+](=O)[O-])C)C(=O)CCl,nsp5
C1=CC(=CN=C1)NC(=O)CC2=CC(=C(C=C2)Cl)Cl,nsp5
COC1=CC=CC=C1OCCNC(=O)C2=CC(=O)NC3=CC=CC=C32,nsp5
C1=CC(=CC(=C1)NS(=O)(=O)C2=CC=C(C=C2)C(=O)NCC3=CC=C(C=C3)F)C(F)(F)F,nsp5
C1=CC=C2C(=C1)C(C3=CC=CC=C32)COC(=O)N[C@@H](CC4=CC=C(C=C4)Br)C(=O)O,nsp5
CC1=C(C2=C(O1)C(=C(C(=C2F)F)F)F)S(=O)(=O)NC3=CC=CC(=C3)C(F)(F)F,nsp5
CC(=O)N(C1=CC=C(C=C1)C(F)(F)F)S(=O)(=O)C2=CC=C(C=C2)N3C(=O)CCC3=O,nsp5
COC1=CC=C(C=C1)NC(=O)CC2C(=O)NCCN2C(=O)NC3=CC=C(C=C3)C(F)(F)F,nsp5
CC(C)(C)C1=CC=C(C=C1)NC(=O)CSC2=NNC(=O)N2C3=CN=CC=C3,nsp5
COC(=O)C1=CC=CC=C1NC(=O)C2=CC3=C(C=C2)OCCCO3,nsp5
CC1=C(C=C(C=C1)S(=O)(=O)NC2=CC(=NN2C)C3=CC=CC=C3)Cl,nsp5
CC1=C(C=C(C=C1)NC(=O)NC2=CN=CC=C2)Cl,nsp5
C1COC2=C(O1)C=CC(=C2)NC(=O)C3=C(OC=N3)C4=CC=CC=C4,nsp5
CC1=CC(=C(C=C1)NC(=S)NC(C(Cl)(Cl)Cl)NC(=O)C2=CC=CC=C2C)C,nsp5
CCC1CCC(CC1)N2CCN(CC2)C3=CC=C(C=C3)[N+](=O)[O-],nsp5
C1=CC=C(C=C1)C2=CSC(=N2)NC(=O)C3=C(C(=CC=C3)[N+](=O)[O-])C(=O)O,nsp5
C1C(N(N=C1C2=CC=CC=C2)C3=CC=C(C=C3)C(=O)O)C4=CC=CC=C4,nsp5
CC1=NC2=C(C=C(C=C2)Br)C(N1CC(=O)NN)C3=CC=CC=C3,nsp5
C1=CC=C(C=C1)C2C3=C(C=CC(=C3)Br)N=C(N2CC(=O)NN)C4=CC=CC=C4,nsp5
C1COCCN1CC2=NC3=C(C=C(C=C3)Br)C(N2CC(=O)NN)C4=CC=CC=C4,nsp5
CCC(C1=CC=CC=C1)C(=O)NC2=CC=CC(=C2)C(F)(F)F,nsp5
CC1=CC2=C(C=C1C)NC(=O)CC2C3=CC=CC=C3F,nsp5
CC1=CC=C(C=C1)NC(CNS(=O)(=O)C2=CC=C(C=C2)Cl)C3=CC=CC=C3,nsp5
CCOC1=CC=C(C=C1)N(CC(=O)NCCSCC2=CC=CO2)S(=O)(=O)C3=CC=C(C=C3)C,nsp5
CC1=C(C(=CC=C1)NC(=S)NN2CCOCC2)C,nsp5
C1=CC=C(C(=C1)C(=O)CC2(C3=CC=CC=C3N(C2=O)CC(=O)N)O)O,nsp5
CC(C)CC(=O)NC(C1=CC=CC=C1Cl)C2=C(C=CC3=CC=CC=C32)O,nsp5
CC1CCC2C(C1)C(=O)N(C2=O)C3=C(C=CC(=C3)Cl)OC(=O)C4=CC=CO4,nsp5
CC1=CC(=C(C=C1)O)NC2=NC=NC3=CC=CC=C32.Cl,nsp5
C1CN(CCN1C2=CC=CC=C2NC(=O)C3=CC(=CC=C3)[N+](=O)[O-])C(=O)C4=CC=C(C=C4)Cl,nsp5
CC1=CC=C(O1)C(=O)C2=C(C(=O)N(C2C3=CC=C(C=C3)OC(C)C)CC4=CN=CC=C4)O,nsp5
CC1=CC2=C(C=C1)N(C3=C2CCCC3)CC(CN4CCCCCC4)O.Cl,nsp5
CC1=CC=C(C=C1)C(=O)N2CCN(CC2)C3=CC=C(C=C3)NC(=O)C4=CC(=C(C(=C4)OC)OC)OC,nsp5
C1=CC(=C(C(=C1)Cl)CC(=O)NCCCN2C=CN=C2)F,nsp5
C1=CC=C2C(=C1)C(=C(N2)C(=O)O)C(C3=C(C=CC(=C3)Br)O)C4=C(NC5=CC=CC=C54)C(=O)O,nsp5
C1=CC=C2C(=C1)C(=C(N2)C(=O)O)C(C3=C(C=CC(=C3)Br)OCC(=O)O)C4=C(NC5=CC=CC=C54)C(=O)O,nsp5
CC(C1=NN=C(N1C)SCCOC2=CC=C(C=C2)OC)NC(=O)CC3=CC=C(C=C3)OC,nsp5
CC1=CC(=O)OC2=C1C=CC(=C2)NC(=O)CC3=CC=CC=C3[N+](=O)[O-],nsp5
CN(C1=C(C=CC(=C1)S(=O)(=O)NC2=CC=C(C=C2)F)OC)S(=O)(=O)C3=CC=C(C=C3)Cl,nsp5
CC1=CC(=C(C=C1)OC)NC(=O)CSC2=NC3=C(C(=CS3)C)C(=O)N2,nsp5
CC1=CC(=NO1)NC(=O)COC(=O)C(C(C)C)NC2=C(C=C(C=C2)C(F)(F)F)Cl,nsp5
CC1(C(=O)N(C(=O)N1)CC(=O)NCC2=CC=CO2)C3=CC4=C(C=C3)C=C(C=C4)OC,nsp5
CC1=CC=C(C=C1)C(=O)OC2=CC3=C(C=C2)N(C=N3)C,nsp5
C1=CC=C(C=C1)COC(=O)NC(C(Cl)(Cl)Cl)NC(=S)NC2=CC(=CC=C2)Cl,nsp5
C1=CC(=CC(=C1)[N+](=O)[O-])C2=CSC(=N2)NC(=O)C3=C(C(=CC=C3)[N+](=O)[O-])C(=O)O,nsp5
C1=CC(=CC=C1NC2=CC=C(C3=NON=C23)[N+](=O)[O-])S(=O)(=O)N,nsp5
COC1=CC(=C(C=C1C2=NC3=C(C=C(C=C3)Br)C(N2CC(=O)NN)C4=CC=CC=C4)OC)OC,nsp5
CC1=CC=C(C=C1)C2=CC(=NN2)NC(=O)C3=CC=CC=C3[N+](=O)[O-],nsp5
COC1=CC(=CC(=C1OC)OC)NC(=O)C2CC(=NO2)C3=CC(=CC=C3)Br,nsp5
C1C(N(N=C1C2=CC=CS2)C(=O)CCl)C3=CC=CO3,nsp5
CC(=O)NC1=CC=C(C=C1)N(C(C2=CC(=C(C=C2)O)O)C(=O)NC3CCCC3)C(=O)CN4C5=CC=CC=C5N=N4,nsp5
CC(=O)NC1=CC=C(C=C1)N(C(C2=CC=C(C=C2)OC)C(=O)NCC3CCCO3)C(=O)CN4C5=CC=CC=C5N=N4,nsp5
CC(=O)NC1=CC=C(C=C1)N(C(C2=C(C=C(C=C2)OC)OC)C(=O)NCC3CCCO3)C(=O)CN4C5=CC=CC=C5N=N4,nsp5
CC(=O)NC1=CC=C(C=C1)N(C(C2=C(C(=CC=C2)OC)OC)C(=O)NCC3CCCO3)C(=O)CN4C5=CC=CC=C5N=N4,nsp5
CC(=O)NC1=CC=C(C=C1)N(C(C2=CC(=CC=C2)OC)C(=O)NCC3CCCO3)C(=O)CN4C5=CC=CC=C5N=N4,nsp5
CCC1=NC(=C2C3=C(CC(CC3)C)SC2=N1)N4CCN(CC4)C(=O)CCl,nsp5
CCC(C)C1=CC=C(C=C1)N(C(C2=CN=CC=C2)C(=O)NC3CCCC3)C(=O)C4=CC=CO4,nsp5
CC(C)C1=CC=C(C=C1)N(C(C2=CN=CC=C2)C(=O)NC3CCCC3)C(=O)C4=CC=CO4,nsp5
CCC1=CC=C(C=C1)N(C(C2=CN=CC=C2)C(=O)NC3CCCC3)C(=O)C4=CC=CO4,nsp5
CC1=CC(=C(C(=C1)C)N(C(C2=CSC=C2)C(=O)NC(C)(C)C)C(=O)CN3C4=CC=CC=C4N=N3)C,nsp5
CCC(C)(C)NC(=O)C(C1=CC=CN1C)N(C2=CC=C(C=C2)NC(=O)C)C(=O)CN3C4=CC=CC=C4N=N3,nsp5
CCC(C)(C)NC(=O)C(C1=CC=C(C=C1)O)N(C2=CC=C(C=C2)NC(=O)C)C(=O)CN3C4=CC=CC=C4N=N3,nsp5
COC1=CC=CC(=C1)C(C(=O)NC2=CC=C(C=C2)F)N(C3CC3)C(=O)CN4C5=CC=CC=C5N=N4,nsp5
C1=CC=C2C(=C1)N=NN2CC(=O)N(CC3=CC=CS3)C(C4=CC=CO4)C(=O)NCC5=CC=CO5,nsp5
COC1=CC=CC(=C1)C(C(=O)NCC2=CC=CO2)N(CC3=CC=CO3)C(=O)CN4C5=CC=CC=C5N=N4,nsp5
CC1=CC=C(O1)C(C(=O)NCCOC)N(C2=CC=CC=C2)C(=O)CN3C4=CC=CC=C4N=N3,nsp5
CC(C)C1=CC=C(C=C1)N(C(C2=CN=CC=C2)C(=O)NC3CCCC3)C(=O)C4=CSN=N4,nsp5
CC1=CC=C(C=C1)CN2C(=O)CSC3=C2C=C(C=C3)C(=O)NCCN4CCOCC4,nsp5
COC1=C(C=C(C=C1)C2=NN(C(=C2)N)S(=O)(=O)C3=C(C(=C(C(=C3F)F)F)F)F)OC,nsp5
CC(=O)C1=C(NC(=C1)C2=CC=CC=C2)N3CCOCC3,nsp5
CC1=CC=C(C=C1)N2C(=NN=C2SCC(=O)NC3=CC4=C(C=C3)OCO4)CC5=CC=CN5C,nsp5
CC1CC2=CC=CC=C2N1C(=O)C3CCCN(C3)S(=O)(=O)C4=CC=CC5=NSN=C54,nsp5
CCCCCN1C(=NC2=C1C(=O)NC(=O)N2C)CN3CCN(CC3)CC4=CC=CC=C4,nsp5
CC(C)(C)C1CCC2=C(C1)C(=NO2)C(=O)NC3=CN=CC=C3,nsp5
COC1=C(C(=C(C=C1)NC(=O)CN2C3=C(C=C2C(=O)OC)SC=C3)OC)OC,nsp5
CCC1C(=O)N(C(=O)C(S1)CC)CC(=O)NC2=CC=C(C=C2)C(=O)OCC,nsp5
C1=CC(=CC(=C1)NC(=O)NCCNC(=O)C2=C(C=CC(=C2)OCC(F)(F)F)OCC(F)(F)F)C(F)(F)F,nsp5
CC(=O)N1C=C(C2=CC=CC=C21)N(C3=CC=C(C=C3)[N+](=O)[O-])C(=O)CCl,nsp5
CN(C)S(=O)(=O)C1=CC=CC(=C1)NC(=O)CSC2=CC=CC3=C2N=CC=C3,nsp5
COC1=CC=C(C=C1)C2C(C(=NN2C(=O)CCl)C3=CNC4=CC=CC=C43)O,nsp5
CC1=C(C=CC(=C1)Cl)OC(C)C(=O)NC2=CC=C(C=C2)S(=O)(=O)NC3=NC4=CC=CC=C4N=C3,nsp5
CC(C)(C)C(=O)NC(=S)NC1=C(C2=C(S1)CCCCC2)C#N,nsp5
C1=CC=C2C(=C1)C(=O)N(C=N2)NC(=O)C3=CC=C(C=C3)Br,nsp5
C1=CC=C2C(=C1)C(=C(N2CC(=O)O)C(=O)O)C=O,nsp5
CC(C1=CC(=C(C=C1)Cl)Cl)NC(=O)CCl,nsp5
COC1=CC=C(C=C1)C(CCN(CC2=CC(=C(C=C2)OC)OC)C(=O)CCl)C3=CC=CC=C3,nsp5
CC1=C(C=C(C=C1)NC2=NC(=C(C(=N2)N3CCOCC3)[N+](=O)[O-])N)C,nsp5
CN1C(C(CO1)S(=O)(=O)C2=CC=CC=C2)C3=CC(=C(C=C3)OCC4=CC=C(C=C4)OC)OC,nsp5
COC1=C(C=C(C=C1)C2CC(=NN2C(=O)CCl)C3=CC=CS3)OC,nsp5
COC1=C(C=CC(=C1)C2CC(=NN2C(=O)CCl)C3=CC=CS3)OC(F)F,nsp5
C1=CC=C(C(=C1)C(=O)OC2=CN=CC=C2)[N+](=O)[O-],nsp5
COC1=C(C=C2C(N(CCC2=C1)C(=O)CCl)C3=C(C=CC(=C3)Br)F)OC,nsp5
C1=CC=C(C=C1)C2C=CC(C3C2C(=O)N(C3=O)C4=CN=CC=C4)C5=CC=CC=C5,nsp5
CNC1=C(N=C(O1)C2=CC=C(C=C2)Cl)P(=O)(C3=CC=CC=C3)C4=CC=CC=C4,nsp5
CC1=C(C(NC(=S)N1)C2=CC=C(O2)C3=CC=CC=C3C(=O)OC)C(=O)OC,nsp5
CC1=CC(=CC=C1)N2C(=O)CC(C2=O)N(CC3=C(N(N=C3C)C)C)C(=S)NC4=CC=C(C=C4)Cl,nsp5
CC1CCN(CC1)C2=C3C(=C(SC3=NC(=N2)C)C(=O)NC4=CC5=C(C=C4)OCCO5)C,nsp5
CC1=CC=CC=C1NC2=NN=C(S2)SCC(=O)NC3=C(C=C(C=N3)C(F)(F)F)Cl,nsp5
CC1=CC=C(C=C1)C2C3=C(NC4=C2C(=O)CC(C4)(C)C)ON=C3C,nsp5
C1CC(OC1)CNC(=O)CCNC(=O)CN2C=NC3=CC=CC=C3C2=O,nsp5
CCCOC(=O)C1=C(SC=C1C2=C(C=C(C=C2)C)C)NC(=O)C3C4CCC(C3C(=O)O)O4,nsp5
CC(C)C1=CC=C(C=C1)NC(=O)CSC2=NC3=C(C(=O)N2CC4=CC=C(C=C4)C(=O)O)SC=C3,nsp5
CCN1C=C(C=N1)C(=O)NC(=S)NC2=CC=CC=C2[N+](=O)[O-],nsp5
CC1=CC=C(C=C1)C(=O)NC(=C(Cl)Cl)S(=O)(=O)C2=CC=CC=C2,nsp5
CC1CCC2=C(N1CC(=O)N3CCC4=C(C3)C5=C(N4)C=CC(=C5)C)C=CC(=C2)F,nsp5
CC1=CC=C(C=C1)OCC2=NC(=C(O2)NC3=CC=C(C=C3)OC)C#N,nsp5
COC1=CC=C(C=C1)N(C(C2=CN=CC=C2)C(=O)NC3CCCCC3)C(=O)CCl,nsp5
C1=CC=C2C(=C1)C(=CC(=C2N)C(C(F)(F)F)(C(F)(F)F)O)C(C(F)(F)F)(C(F)(F)F)O,nsp5
CC1=CC=C(C=C1)C2CC(=NN2C(=O)CCl)C3=CC=CS3,nsp5
C1C2=C(N(N=C2CS1(=O)=O)C3=CC(=CC=C3)Cl)NC(=O)C4=CC5=C(C=C4)OCO5,nsp5
CC1=NN(C(=C1C(C2=CC=CC=C2)C3=C(N(N=C3C)C4=CC=CC=C4)N)N)C5=CC=CC=C5,nsp5
CC1=CC(=CC=C1)N2C3=C(C(=N2)C)C(=CC(=N3)C4=CC=CS4)C(=O)O,nsp5
C1=CC=C(C=C1)CN(C2=NC(=C(S2)C3=CC=CC=C3)C4=CC=CC=C4)C(=O)CSCC(=O)O,nsp5
CCCCOC1=CC=C(C=C1)C(=O)OC2=CN=CC=C2,nsp5
CCOC1=CC=C(C=C1)C2C(=C(C(=O)N2C3=NC(=C(S3)C(=O)OC)C)O)C(=O)C4=CC=C(O4)C,nsp5
CC1=CC(=O)OC2=C1C=CC(=C2)NC(=O)C3=CC=CC=C3OC(F)F,nsp5
C1=CC=C(C(=C1)C(=O)O)NS(=O)(=O)C2=CC(=C(C=C2)NNC(=S)NC3=CC=C(C=C3)OC(F)F)[N+](=O)[O-],nsp5
C1=CC=C(C=C1)NC(=O)NN(C2=CC=CC=C2)C(=O)CCl,nsp5
COC1=CC=C(C=C1)N(CC2=CC3=CC=CC=C3NC2=O)S(=O)(=O)C4=CC=C(C=C4)OC,nsp5
CCN1C2=C(C=C3C=C(C=CC3=N2)C)C(=N1)NS(=O)(=O)C4=CC=CC=C4,nsp5
CCN1C2=NC3=C(C=CC=C3C=C2C(=N1)NS(=O)(=O)C4=CC=C(C=C4)[N+](=O)[O-])C,nsp5
CCOC1=CC=C(C=C1)N(CC2=CC3=C(C=C(C=C3)C)NC2=O)S(=O)(=O)C4=CC=CC=C4,nsp5
C1=CC=NC(=C1)SCC(=O)NC2=NON=C2[N+](=O)[O-],nsp5
CC1=CC(=C(C=C1)C)OC(C)C(=O)NC2=NC=CS2,nsp5
CC1=CC=C(O1)C2=NN(C(C2)C3=CC=CO3)C(=O)CCl,nsp5
CC1=CC=C(O1)C2=NN(C(C2)C3=CC=CS3)C(=O)CCl,nsp5
C1=CC=C2C(=C1)C3=CC=CC=C3C2=NNC4=CC(=C(C=C4)Cl)C(=O)O,nsp5
CSC1=NSC(=N1)NC(=O)OCC2=CC=C(C=C2)Cl,nsp5
C/C(=N\NC(=O)C1=CC(=C(C=C1)Cl)Cl)/CN2N=C(N=N2)[N+](=O)[O-],nsp5
C1C2C=CC1C3C2C(=O)N(C3=O)/N=C/C4=CC=C(O4)C5=CC=CC=C5[N+](=O)[O-],nsp5
C1=CC=C2C(=C1)N=NN2CC(=O)N/N=C\C3=CC=CS3,nsp5
COC1=CC(=CC(=C1OC)OC)/C=N\NC(=O)CN2C3=CC=CC=C3N=N2,nsp5
C1=CC(=CC=C1/C(=N/S(=O)(=O)C2=CC(=CC(=C2)C(F)(F)F)C(F)(F)F)/N)Cl,nsp5
C1=CC=C(C(=C1)/C=C/C(=O)C2=C(C=CC(=C2)Br)OC(=O)C3=CC=CO3)F,nsp5
COC1=CC=CC=C1/C=C/C(=O)C2=C(C=CC(=C2)Br)OC(=O)C3=CC=CO3,nsp5
CC1=CC=C(C=C1)/C=C/C(=O)C2=C(C=CC(=C2)Br)OC(=O)C3=CC=CO3,nsp5
C1CN(CCN1C/C=C/C2=CC=CC=C2)C3CC(=O)N(C3=O)CC4=CC=CS4,nsp5
COC1=CC=CC=C1/C=C\2/C(=O)N(C(=S)S2)CCC(=O)NNC(=O)C3=CC=CC=C3OC,nsp5
CCC1=CC=C(C=C1)S(=O)(=O)/N=C/2\C=C(C(=O)C3=CC=CC=C32)NC4=CC=C(C=C4)C(=O)O,nsp5
CC1=CC=C(C=C1)S(=O)(=O)/N=C/2\C=C(C(=O)C3=CC=CC=C32)NC4=CC=CC(=C4)C(=O)O,nsp5
C1COCCN1C(=O)CN2C=C(C3=CC=CC=C32)/C=C/4\C(=O)NC(=O)N(C4=O)C5=CC=CC=C5F,nsp5
CC1=C(C(=NS1)S(=O)(=O)/C(=N/NC2=CC=CC(=C2)C(F)(F)F)/C#N)C#N,nsp5
COC(=O)CC1COC2=CC=CC=C2N1C(=O)/C=C/C3=CC=CC=C3,nsp5
CC1=CC=CC=C1NC2=C/C(=N\S(=O)(=O)C3=CC=C(C=C3)C(=O)O)/C4=CC=CC=C4C2=O,nsp5
C1=CSC(=C1)/C=C\2/C(=O)N(C(=O)S2)CC(=O)NC3=CC(=C(C=C3)C(=O)O)O,nsp5
C1CCN(C(C1)CCO)C(=O)CCN2C(=O)/C(=C/C3=CC(=CC=C3)Cl)/SC2=S,nsp5
CCC1=NN=C(S1)NS(=O)(=O)C2=CC=C(C=C2)NC(=O)/C=C/C3=CC=C(C=C3)F,nsp5
C1=CC=C(C=C1)COC2=CC=CC(=C2)/C=C(/C3=CC=C(C=C3)F)\C(=O)O,nsp5
COC1=CC(=CC(=C1OC)OC)NC(=O)C2=CC(=NN=C2Cl)Cl,nsp5
C1CN(CCN1C2=CC=C(C=C2)F)C(=O)CCS(=O)(=O)C3=CC=CC=C3,nsp5
C1=CC2=NON=C2C(=C1)S(=O)(=O)NC3=C(C=CC(=C3)F)F,nsp5
CCC1=C(SC(=C1C(=O)N2CCOCC2)NC(=O)CC3=CC=CC=C3OC)C,nsp5
CN1C(=C(C=N1)Cl)C(=O)NC2=CC3=C(C=C2)OCO3,nsp5
C1=CC(=CN=C1)OC(=O)C2=CC=C(C=C2)Cl.Cl,nsp5
C1=CC=C(C(=C1)/C=C/C=N/N2C(=NNC2=S)C3=CC=CO3)[N+](=O)[O-],nsp5
C1=CC=C(C=C1)C(C2=CC=CC=C2)(C(=O)N/N=C/C3=CC=C(O3)C4=C(C=CC(=C4)C(=O)O)Cl)O,nsp5
C1=CC=C(C=C1)C2=C(C3=CC=CC=C3N2C4=CC=CC=C4)/C=N/NC(=O)CC#N,nsp5
C1=CC(=CC(=C1)S(=O)(=O)NC2=CC=C(C=C2)Cl)C(=O)N/N=C/C3=CC=NC=C3,nsp5
C1=CC(=CC=C1F)SCC(=O)NC2=CC3=C(C=C2)C(=O)NC3=O,nsp5
CNC1=CC=C(C=C(C1=O)C(=O)/C=C/C2=CC3=C(C=C2)OCO3)Br,nsp5
CCOC(=O)C1=C(N(C2=C1C(=C(C=C2)O)C(=O)O)S(=O)(=O)C3=CC=C(C=C3)C)C,nsp5
C[C@H]1C(=O)N[C@H](C(=O)N[C@@H](CCCCNC2=C(C=C(C=C2I)[N+](=O)[O-])C(=O)N1)C(=O)N)CC(=O)N,nsp5
COC1=C(C=C(C=C1)/C(=N/OC(=O)CSC2=CC=CC=C2)/N)OC,nsp5
CC1=CC=C(C=C1)NC2=C(C(=O)N(N=C2)C34CC5CC(C3)CC(C5)(C4)CC(=O)O)Cl,nsp5
COC1=C(C=C(C=C1)/C=N/NC(=O)CN2C3=CC=CC=C3N=N2)OC,nsp5
CC1=CC=C(C=C1)OCC(=O)N/N=C/C2=CC=C(O2)[N+](=O)[O-],nsp5
CC(C)C(=O)NC1=CC=CC(=C1)/C(=N/NC(=O)C2=CC(=C(C=C2)Cl)Cl)/C,nsp5
C/C(=N\N=C(/N)\SC1CC(=O)N(C1=O)C2=CC=C(C=C2)Cl)/C3=CC=CS3,nsp5
C/C(=N\N=C(/N)\SC1CC(=O)N(C1=O)C2=CC(=CC=C2)Cl)/C3=CC=CS3,nsp5
C1C2CC3CC1CC(C2)(C3)C4=CC=C(C=C4)/C=N/NC(=S)N,nsp5
CC1=CC(=C(C=C1Br)Br)OCC(=O)N/N=C(\C)/CC(=O)NC2=CC=C(C=C2)NC(=O)C,nsp5
CC1=CC(=C(C(=C1)C)S(=O)(=O)/N=C/2\C=C(C(=O)C3=CC=CC=C32)NC4=CC=C(C=C4)C(=O)O)C,nsp5
CCCC1=C(N=NN1C2=NON=C2N)C(=O)N/N=C/C3=C(C=CC4=CC=CC=C43)OC,nsp5
CCCCNC(=O)N(C1C(SC(=S)N1/N=C/C2=CC=C(C=C2)N(C)C)(C)C)O,nsp5
CC(C)OC1=CC=C(C=C1)/C=N/NC(=O)C2=C(N(N=N2)C3=NON=C3N)CN(C)C4=CC=CC=C4,nsp5
CC1(C2CC=C(C1C2)/C=N/NC(=S)NC3=CN=CC=C3)C,nsp5
COC1=CC=CC(=C1)/C=N/NC(=S)NC2=CN=CC=C2,nsp5
CN(CC1=C(N=NN1C2=NON=C2N)C(=O)N/N=C/C3=CC(=CC=C3)OC)C4=CC=CC=C4,nsp5
CC1(C(N(C(=S)S1)/N=C/C2=CC=CS2)N(C(=O)NC)O)C,nsp5
CC1=CC(=CC(=C1)NS(=O)(=O)C2=CC3=C(C=C2)NC=C(C3=O)C(=O)N4CCC5=CC=CC=C54)C,nsp5
CC1=C(C(=NO1)C)S(=O)(=O)N(CC(=O)NCC2=CC(=CC=C2)OC)C3=CC=C(C=C3)C(C)C,nsp5
CCN(C1=CC=CC=C1)S(=O)(=O)C2=NN=C(S2)NC(=O)C3=CC=CC=C3OC,nsp5
CC1=CC(=CC=C1)C(=O)NC2=NN=C(S2)S(=O)(=O)NC3=CC=CC(=C3)C,nsp5
CCC1=CC=C(C=C1)NC(=O)C2CCCN(C2)S(=O)(=O)C3=CC4=C(C=C3)NC(=O)C=C4,nsp5
CN(CC1=CC=C(C=C1)F)S(=O)(=O)C2=NN=C(S2)NC(=O)C3=CC=CC=C3Br,nsp5
COC1=CC=C(C=C1)NC(=O)C2=CC3=C(C=C2)C(=O)N(C(=S)N3)C4=C(C=C(C=C4)OC)OC,nsp5
CCOC(=O)C1=C(SC(=C1C2=CC=CC=C2)CN(C)C)NC(=O)CCl.Cl,nsp5
COC1=CC(=C(C=C1/C=C\2/C(=O)C3=C(O2)C=C(C=C3)OCC(=O)N4CC5=CC=CC=C5C[C@H]4C(=O)O)OC)OC,nsp5
CC1=C2C(=CC=C1)C(=C(C(=N2)C)CC=C)SC(=N)N.Cl,nsp5
C[N+]1=CC=CC2=C(C=CC(=C21)[O-])Br.O,nsp5
CN1CCN2C(C1)C3(CC4=C2C=CC(=C4)N)C(=O)NC(=O)NC3=O,nsp5
CN(C)CCNC(=O)C(=O)NCC1N(CCO1)S(=O)(=O)C2=CC=C(C=C2)OC,nsp5
C1COC(N1S(=O)(=O)C2=CC3=C(C=C2)OCCO3)CNC(=O)C(=O)NCCC4=CC=CC=C4,nsp5
COC1=CC=CC=C1CCNC(=O)C(=O)NCC2N(CCO2)S(=O)(=O)C3=CC4=C(C=C3)OCCO4,nsp5
COC1=CC=C(C=C1)S(=O)(=O)N2CCN(CC2)C(=O)NC3=CC=CC=C3OC,nsp5
CC1=CC2=C(C=C1)N(C(=O)C2NC(=O)C)CCN3CCOCC3,nsp5
C1C(OC2=CC=CC=C2O1)CN3C4=CC=CC=C4C(=O)C3=O,nsp5
COC1=CC2=C(C=C1)N(C(=O)C2=O)CC3COC4=CC=CC=C4O3,nsp5
CCOC1=CC2=C(C=C1)N(C(=O)C2=O)CC3COC4=CC=CC=C4O3,nsp5
CCC1=CC=C(C=C1)NC(=O)CN(C2=CC=C(C=C2)OCC)S(=O)(=O)C3=C(NC(=O)NC3=O)C,nsp5
CC1CCN(CC1)C2=NN3C(=NN=C3CCC(=O)NCCCOC(C)C)C=C2,nsp5
C1=C(C=C(C=C1C(F)(F)F)NS(=O)(=O)C2=C(N=CC(=C2)Br)N)C(F)(F)F,nsp5
CC1=CC(=CC=C1)NS(=O)(=O)C2=NN=C(S2)NC(=O)C3=CC=C(C=C3)Cl,nsp5
CCN(C1=CC=C(C=C1)OC)S(=O)(=O)C2=NN=C(S2)NC(=O)COC3=CC=C(C=C3)C,nsp5
CC1C(=O)NC2=C(S1)C=CC(=C2)S(=O)(=O)CCC(=O)N3CCN(CC3)C4=C(C=CC(=C4)C)C,nsp5
CC1=NC(=CO1)C2=CC=C(C=C2)S(=O)(=O)N3CCN(CC3)C4=CC=CC=C4,nsp5
CCC1=CC2=C(C=C1)N(C(=O)C2NC(=O)C)CCN3CCOCC3.Cl,nsp5
CC(=O)NC1C2=C(C=CC(=C2)Br)N(C1=O)CCN3CCOCC3.Cl,nsp5
CC(=O)NC1C2=C(C=CC(=C2)Cl)N(C1=O)CCN3CCOCC3.Cl,nsp5
CC(=O)NC1C2=C(C=CC(=C2)F)N(C1=O)CCN3CCOCC3.Cl,nsp5
CCN(CC)C(=O)CN1C=C(C2=CC=CC=C21)/C=C/3\C(=O)NC(=O)N(C3=O)C4=CC=CC=C4F,nsp5
COC1=CC(=CC(=C1)CNCCC2=CNC3=CC=CC=C32)OC.C(=O)(C(=O)O)O,nsp5
CC(C)C[C@@H](C(=O)OC(C)(C)C)NC(=O)C1=C(NC=N1)C(=O)NCC2=CC=C(C=C2)CNC(=O)OC(C)(C)C,nsp5
CC(C)(C)OC(=O)[C@H](CC1=CC=CC=C1)NC(=O)C2=C(N=CN2)C(=O)N[C@@H](CC3=CC=CC=C3)C(=O)OCC4=CC=CC=C4,nsp5
CC1=C(C(=NO1)C)S(=O)(=O)NC2=CC=C(C=C2)C(=O)NC3=CC=C(C=C3)OC(F)(F)F,nsp5
CC(C)(C)OC(=O)[C@H](CC1=CC=CC=C1)NC(=O)C2=C(NC=N2)C(=O)NCC3=CC=C(C=C3)CNC(=O)OC(C)(C)C,nsp5
CC(C)(C)OC(=O)CNC(=O)C1=C(N=CN1)C(=O)NC(C2=CC=CC=C2)C3=CC=CC=C3,nsp5
CC(C)(C)OC(=O)NCC1=CC=C(C=C1)CNC(=O)C2=C(N=CN2)C(=O)N[C@@H](CC3=CC=CC=C3)C(=O)OCC4=CC=CC=C4,nsp5
CCOC(=O)C1CCN(CC1)C(=O)C2=CC3=C(C=C2)S/C(=C/C4=CC=CC(=C4)C)/C(=O)N3,nsp5
CC(C)CS(=O)(=O)C1=NSC2=NC(=O)/C(=C\C3=CC=C(C=C3)OC(=O)C4=CC=CO4)/C(=N)N21,nsp5
CC[C@]12[C@@H]3[C@H]([C@H](N1C(=O)N(C2=O)C4=CC(=CC=C4)F)C5=CC=C(C=C5)F)C(=O)N(C3=O)C6CCCCC6,nsp5
C[C@]12[C@@H]3[C@H]([C@H](N1C(=O)N(C2=O)C4=CC(=CC=C4)F)C5=CC=C(C=C5)F)C(=O)N(C3=O)C6CCCCC6,nsp5
CN(CC1=NC=CN=C1)C(=O)C2=NOC(=C2)COC3=CC=CC=C3SC,nsp5
C[C@]12[C@@H]3[C@H]([C@H](N1C(=O)N(C2=O)C4=CC(=CC=C4)Br)C5=CC=C(C=C5)Cl)C(=O)N(C3=O)C6CCCCC6,nsp5
CC1=CC(=NN1)C(=O)NC2CCCC3=C2C=NN3C4=CC=C(C=C4)C(C)(C)C,nsp5
CN(CCC1=CC=CC=C1)C(=O)C2=NOC(=C2)COC3=CC=CC(=C3)C(F)(F)F,nsp5
CC(C)C[C@@H](C(=O)OC(C)(C)C)NC(=O)C1=C(N=CN1)C(=O)N[C@@H](CC2=CC=CC=C2)C(=O)OCC3=CC=CC=C3,nsp5
CC1=CC=C(C=C1)C(=O)C2=C3C=CC=CC3=[N+](N2CCC(=O)N)[O-],nsp5
C1=CC2=C(N([N+](=C2C=C1)[O-])CCC(=O)N)C(=O)C3=CC(=C(C(=C3)Cl)N)Cl,nsp5
C1=CC2=C(N([N+](=C2C=C1)[O-])CCC(=O)N)C(=O)C3=CC=C(C=C3)Cl,nsp5
CC1=CC=C(C=C1)C(=O)C2=C3C=CC(=CC3=[N+](N2CCC(=O)N)[O-])C(F)(F)F,nsp5
CC1=CC(=C(C=C1)C)S(=O)(=O)N2CCN(CC2)C(=O)C3=CC(=C(C=C3)N4CCCC4)[N+](=O)[O-],nsp5
C1=CC2=C(N([N+](=C2C=C1)[O-])CCC(=O)N)C(=O)C3=CC(=CC=C3)[N+](=O)[O-],nsp5
CC1=CC=C(C=C1)NC(=O)CN(C)C(=O)C2=C(N=CC=C2)NC3=CC=CC(=C3)C(F)(F)F,nsp5
CC1=CC=C(C=C1)C(=O)C2=C3C=CC(=CC3=[N+](N2CCC(=O)N)[O-])[N+](=O)[O-],nsp5
CC1=CC=C(N1)C(=O)OC2C(C(OC(C2OC)(C)C)OC3=C(C4=C(C=C3)C(=C(C(=O)O4)NC(=O)C5=CC(=C(C=C5)O)CC=C(C)C)O)Cl)O,nsp5
COC1=CC=C(C=C1)S(=O)(=O)C2=C(C3=C(C=C(C=C3)C(=O)NC4=CC(=CC=C4)F)NC2=O)O,nsp5
C1=CC=C(C=C1)C2=C(C(=O)NC(=N2)SCC(=O)NC3=CC=C(C=C3)OC(F)(F)Cl)C#N,nsp5
C1=CC=C(C=C1)N2C(=O)C3C(C2=O)C(=NC3C4=CC=CC=N4)C5=C(C6=CC=CC=C6C5=O)O,nsp5
C1=CC=C2C(=C1)/C(=C/C3=C(N(C(=O)NC3=O)C4=CC=CC=C4F)O)/C=N2,nsp5
C1=CC=C2C(=C1)C=CC(=C2/C=N\NC(=O)C3=CC(=CN=C3)Br)O,nsp5
CCN(CC)C1=CC(=C(C=C1)/C=N/NC(=O)C2=C(N(N=N2)C3=NON=C3N)C(C)C)O,nsp5
COC1=C(C=CC(=C1)/C=N/NC(=O)/C(=C\C2=CC3=C(C=C2)OCO3)/NC(=O)C4=CC=CC=C4)O,nsp5
CCOC1=CC=C(C=C1)NC(=O)CSC2=NC(=CC(=O)N2)NS(=O)(=O)C3=CC=C(C=C3)C,nsp5
CN(C)S(=O)(=O)C1=CC=CC(=C1)NC(=S)N/N=C/C2=C(C=CC(=C2)Br)O,nsp5
C1CN(CCC1C2=NC3=C(C(=O)N2)N=NN3CC4=CC=C(C=C4)OC(F)(F)F)S(=O)(=O)C5=CC=CC=C5F,nsp5
C1OC2=C(O1)C=C(C=C2)/C=C/3\C(=O)N/C(=N/S(=O)(=O)CC4=CC=CC=C4)/S3,nsp5
CCC1=C2C(=CC=C1)C3=C(N2)C(OCC3)(CC)CC(=O)O,nsp3
CC1=CC2=C(C(=C(C(=C2C(C)C)O)O)C=O)C(=C1C3=C(C4=C(C=C3C)C(=C(C(=C4C=O)O)O)C(C)C)O)O,nsp3
CC1=C(C(C(=C(N1)C)C(=O)OC)C2=CC=CC=C2[N+](=O)[O-])C(=O)OC,nsp3
CCCCCCO,nsp3
CNCCCN1C2=CC=CC=C2CCC3=CC=CC=C31.Cl,nsp3
CC(=O)C1=CC=C(C=C1)N(C)C,nsp3
CN1CCOC(C2=CC=CC=C2C1)C3=CC=CC=C3.Cl,nsp3
CC(C)(C1=CC(=C(C(=C1)CN(C)C)O)CN(C)C)C2=CC(=C(C(=C2)CN(C)C)O)CN(C)C,nsp3
CC1=CC=C(C=C1)N=NC2=C3C=CC=NC3=C(C=C2)O,nsp3
CC1=CC2=C(C(=C(C(=C2C(C)C)O)O)C=O)C(=C1C3=C(C4=C(C=C3C)C(=C(C(=C4C=O)O)O)C(C)C)O)O.CC(=O)O,nsp3
CCOC(=O)NC1=CC=C(C=C1)S(=O)(=O)NN2C=NN=C2,nsp3
COC(=O)C1=C(SC(=S)S1)C(=O)OC,nsp3
C1=CC=NC(=C1)NC(=O)C2=C(N=CN2)C(=O)NN,nsp3
C1CCCN(CC1)N=NC2=CC=C(C=C2)C(=O)O,nsp3
C1CN(CCN1CCO)CC2=CC(=C3C=CC=NC3=C2O)Cl,nsp3
C1CN2C(N2C1)C3=CC=C(C=C3)Br,nsp3
C1CCC2=NC3=C(C4=C(S3)CCCC4)C(=O)N2CC1,nsp3
CC1=C(SC=C1)C2C3=C(CC(CC3=O)(C)C)C4=C(N2)C=CC5=C4C=CC=N5,nsp3
C1=CC=C(C=C1)NCC2=C3C=CC=NC3=C(C=C2)O,nsp3
COC1=CC(=CC(=C1OC)OC)C(=O)NC2CCN(CC2)CC3=NN=NN3CC4=CC=CS4,nsp3
CC1=CC(=NC(=N1)N2CCCC(C2)C(=O)NCCC3=CC=C(C=C3)F)C,nsp3
C1CC(CN(C1)C(=O)NC2=CC=CC=C2)C3=NC(=NO3)C4=CC=CS4,nsp3
CC1=CC=CC=C1CCN(CC2=CC3=CC4=C(C=C3NC2=O)OCO4)C(=O)C,nsp3
CC(C)C1C(=O)N(C2=CC=CC=C2O1)CC(=O)N(CC3CCCO3)CC4=CC=CC=N4,nsp3
COC1=C(C=C(C=C1)C(=O)N2CCN(CC2)CC3=CC(=C(C(=C3)OC)O)OC)OC.C(=O)(C(=O)O)O,nsp3
C1OC2=C(O1)C=C(C=C2)NC(=O)CSC3=NC(=CC(=N3)C(F)(F)F)C4=CC=CO4,nsp3
CC1(CC2=C(CO1)C(=NC(=C2C#N)SC(=O)OC)N3CCOCC3)C,nsp3
C1=CC=C(C(=C1)C2=NC3=C(O2)C=CC(=C3)N)Cl,nsp3
CN1CCN(CC1)C(=O)C2=CC=C(C=C2)S(=O)(=O)C3=CC=C(C=C3)Br,nsp3
COCC1=C(C=CC(=C1)C2C(=C(C(=O)N2CCOCCO)O)C(=O)C3=CC=CO3)O,nsp3
C1CCC2(CC1)C(C(=O)NC(=N2)N3CCN(CC3)C4=CC=CC=C4)C#N,nsp3
C1COC2=C(O1)C=CC(=C2)C(=O)CN3C(=NC(=N3)Cl)Cl,nsp3
CC1=C(C=CC(=C1)Cl)NC(=S)NC2=CC=CC=N2,nsp3
CC1=CC=C(C=C1)C2=NOC(=N2)COC3=CC4=C(C=C3)OCO4,nsp3
C1=CC=C2C(=C1)N=CC(=N2)C3=CC=C(C=C3)OC4=CC(=C(C=C4)C#N)C#N,nsp3
C1=CN=C(N=C1)NS(=O)(=O)C2=CC=C(C=C2)NC(=O)C(F)(F)F,nsp3
COC1=CC=CC(=C1)C(=O)NC(=S)NCC2=CC=CO2,nsp3
C1CN(CCC1CC2=CC=CC=C2)CC3=C4C=CC=NC4=C(C=C3)O,nsp3
CC1=CC=C(C=C1)C2=NC3=CC=CC=C3C(=O)N2C4=NC=CC(=C4)C,nsp3
CC(C)NC(=O)/C=C/C1=CC(=C(C=C1)OCC2=CC=CC=C2)OC,nsp3
CCC(=O)NC1=C(NN=C1C)C,nsp3
CC1=CC(=NN1CC(=O)N2CCCC3=CC=CC=C32)[N+](=O)[O-],nsp3
CCCN1CN(CNC1=S)CC2=CC=CC=C2,nsp3
CC(C)CN1CN(CNC1=S)CC2=CC=CC=C2,nsp3
CCN1CNC(=S)N(C1)C2=CC=C(C=C2)C(=O)OCC,nsp3
CSC1=NC(=O)N(C=C1)CCC(=O)O,nsp3
CCN1C2=CC=CC=C2C(=C1OCC)/C=C(\C#N)/C(=O)OCC,nsp3
CC1=NC2=CC=CC=C2C(=C1)C(=O)NN=C3CCCCC3,nsp3
C1CCC2(CC1)CC3=CC=CC=C3C4=NN=NN24,nsp3
CC1=CC(=C(N1)C)/C=C(\C#N)/C(=O)NC2CCCCCC2,nsp3
CNC(=O)OC1=CC2=C(C=C1)N=CC=C2,nsp3
COC(=O)C1=CC=C(C=C1)OC(=O)C2=CN=CC=C2,nsp3
CC1=CC=C(C=C1)SC(=O)COC2=CC=C(C=C2)OC,nsp3
CCC1CCC2(CC1)NNC(=S)NN2,nsp3
CN1C2=CC=CC=C2N=C1CN3CCN(CC3)C4=CC=C(C=C4)Cl,nsp3
CC1=CC(=CC(=C1)NC(=S)NC2=CC=CC=N2)C,nsp3
CC(=O)NC1=CC=C(C=C1)N=NN2CCOCC2,nsp3
C1=CC=C(C=C1)CCNC(=S)NC2=CC=CC=N2,nsp3
CC1=C(C=CC=C1Cl)NC(=S)NCC2=CC=CS2,nsp3
C1=CC=C(C=C1)COC(=O)C2=CC3=C(C=C2)C(=O)C4=CC=CC=C43,nsp3
CCC1=CC=C(C=C1)OC2=NC(=NC(=C2)C)N,nsp3
C1=CC=C(C=C1)NC(=O)C2=C(C=CC(=C2)N3C=NN=C3)Cl,nsp3
CN(C)NC(=S)NC1=CC=C(C=C1)Cl,nsp3
CC1=CC(=CS1)C2=NNC(=S)N2CC(C)C,nsp3
CC1=CC(=C(C=C1)C)NC(=S)NNC(=O)C2=CSC(=C2)C(C)C,nsp3
C1=CC=NC(=C1)NC(=O)C2=CC=C(O2)[N+](=O)[O-],nsp3
CC(C)OC1=CC=C(C=C1)CN2C(=NNC2=S)C3=CC=CO3,nsp3
CC1=C(C(=CC=C1)C)NC(=O)NN(C(=O)C2=CC=CC=C2)C(C)(C)C,nsp3
CCNC1=CC=CC=C(C1=O)C2=NC3=CC=CC=C3C=C2,nsp3
C1=CC=C(C=C1)CCNC(=O)C2=CC=CC=C2NC(=O)CCC(=O)O,nsp3
CNC(=O)OC1=CN2C=C(N=C2C=C1)C3=CC(=CC=C3)OC(=O)NC,nsp3
C1=CC2=C(C=CC=N2)C(=C1)NC(=O)CCl,nsp3
CC1=CC(=CC=C1)C2=NNC(=S)N2CC3=CC=CC=C3,nsp3
COC1=CC=C(C=C1)CNC(=S)NC2=CC=C(C=C2)OC,nsp3
C1=CC=C(C=C1)CC2=NN=C(S2)NC(=O)NC3=CC=CC=C3F,nsp3
CC1=CC(=CC=C1)NC(=S)NC2CCCC2,nsp3
COC1=CC=C(C=C1)CNC(=S)NC2CCCC2,nsp3
CCOC(=O)C1CCN(CC1)C(=O)COC2=CC=CC(=C2)C,nsp3
CC(C)CCNC(=S)NC1=CC=CC=C1F,nsp3
CCNC(=S)NC1=CC(=C(C=C1)C)Cl,nsp3
CC1=NC=CN1CCCN2C(=O)CNC2=S,nsp3
CCOC1=CC=C(C=C1)CNC(=S)NCC2=CC=C(C=C2)OCC,nsp3
C1=CC=NC(=C1)C2=NNC(=N2)COC3=CC=C(C=C3)Br,nsp3
CCOC(=O)C1=C(C2=C(N1)C=CC(=C2)Cl)NC(=O)C3=NON=C3C,nsp3
CCN(CC(=O)N1CCCC1)S(=O)(=O)C2=CC=C(C=C2)Cl,nsp3
CC1=C2C(=CC=C1)C=C(C(=O)N2)COC(=O)C3=CC=CS3,nsp3
CC(C)NC(=S)NC(=O)C1=C(C=C(C=C1)Cl)Cl,nsp3
CC1=C(C(=O)C2=C(O1)C=C(C=C2)OCC3=CN(N=C3)C4=CC=CC=C4)OC5=CC=CC=C5F,nsp3
CN1CCN(CC1)CC2=CC(=C3C=CC=NC3=C2OC(=O)C4=CC=CS4)Cl,nsp3
CC1=CC=C(C=C1)OCC(=O)NC2=CC=C(C=C2)S(=O)(=O)NC3=CC(=NC(=N3)OC)OC,nsp3
CCN(C(=O)C1=CC=CC=C1)NC(=O)C(C2=CC=CC=C2)(C3=CC=CC=C3)O,nsp3
CCOC(=O)C1=C(C2=CC=CC=C2O1)CN3CCN(CC3)C(=O)C4=CC=CC=C4,nsp3
C1OC2=C(O1)C=C(C=C2)C(=O)NC3=CC=C(C=C3)NC(=O)C4=CC=CO4,nsp3
C1CN(CCN1CC2=C3C=CC=NC3=C(C=C2)O)C4=CC=CC=C4,nsp3
CC1=CC=CC=C1NCC2=C3C=CC=NC3=C(C=C2)O,nsp3
CN1C(=NN=C1SCC(=O)NC2CCCCC2)C3=CC4=CC=CC=C4O3,nsp3
CN1C2=C(C=C(C=C2)NC(=O)CCl)N(C1=O)C,nsp3
CC1=CC(=CC=C1)NC(=O)CSC2=NN=C(O2)CN3C=NC4=CC=CC=C43,nsp3
C1=CC=C(C=C1)CN2C(=NN=C2SCC(=O)NNC(=O)C3=CC=CC=C3O)C4=CC=CC=C4,nsp3
C1=CC=C(C=C1)CCN(CC2=CC=CC=N2)S(=O)(=O)C3=CC=C(C=C3)S(=O)(=O)N,nsp3
CC(=O)OC1=CC=CC2=CC(=C(C(=C2C1=O)OC(=O)C)OC(=O)C)OC(=O)C,nsp3
CC1=CC(=CC=C1)OCC(=O)NC2=CC=C(C=C2)S(=O)(=O)N3CCN(CC3)C,nsp3
C1CCC(=CC1)CCNC(=S)NC(=O)C2=CC(=CN=C2)Br,nsp3
CC1=C(C(=NN1C)C(=O)NNC(=S)NC2=CC=CC=C2OC)Br,nsp3
COC1=C(C=C2C(=C1)C(=O)OC(=N2)CN3C(=O)C4=CC=CC=C4C3=O)OC,nsp3
CS(=O)(=O)NC1=CC=C(C=C1)C(=O)NC2=CC=CC=C2C(=O)N3CCCC3,nsp3
CN(CC(=O)NN1C=NN=C1)S(=O)(=O)C2=CC=C(C=C2)Br,nsp3
CC(C)COC1=CC=C(C=C1)C2=NN(C=C2C(=O)NC3=NC=CS3)C4=CC=CC=C4,nsp3
CN1C2=CC=CC=C2N=C1NC(=S)NC3=CC=CC=C3,nsp3
CC1=C(C=C(C=C1)C(=O)NC(=S)NC2=CC=CC=C2N3CCCC3)[N+](=O)[O-],nsp3
CC1=C(C=CC=C1[N+](=O)[O-])C(=O)NC(=S)NC2=CC=CC=C2N3CCCC3,nsp3
C1CN(CCN1C2=C(C=C(C=C2)C(=O)C3=CC=CC=C3)F)C(=O)C4=C(C(=CC=C4)F)F,nsp3
CC1=CC=C(C=C1)C(=O)NC2=NC(=C(O2)C3=CC=CC=C3)C4=CC=CC=C4,nsp3
CC1CCN(CC1)C(=S)SCC2=NC(=NC(=N2)NC3=CC=CC=C3OC)N,nsp3
COC1=CC=C(C=C1)C2=NC3=CC=CC=C3C(=O)N2NC(=O)COC4=CC=C(C=C4)OC,nsp3
CN1C2=CC=CC=C2N3C1=NN(C(=O)C3=O)CC(=O)C4=CC=C(C=C4)Cl,nsp3
CC1=C(SC2=C1C(=O)NC(=N2)CN(C3CCCC3)C(=O)NC4CCCCC4)C,nsp3
COC1=CC=C(C=C1)C(=O)OC2=NN(C(=O)C=C2)C3=CC=CC=C3,nsp3
C1=CC=C2C(=C1)N=CC(=N2)OC3=CC=C(C=C3)NC(=O)CCl,nsp3
CC1=CC=C(C=C1)SCC(=O)C2=C(N=C(S2)C3=CC=CC=C3)C,nsp3
C1=CC(=CC=C1C(F)(F)F)NCC2=C(SN=N2)Cl,nsp3
CC1=CC(=NC2=C1C(=NN2C)NC(=O)CCl)C,nsp3
C1=CC=C(C=C1)S(=O)(=O)CC2=CN=C(S2)Cl,nsp3
C1COCCN1CC2=CC(=C3C=CC=NC3=C2OC(=O)C4=CC=CC=C4F)Cl,nsp3
CCCCNC(=S)NC(=O)C1=CC=CC=C1Br,nsp3
CCCCCC(=O)NC(=S)NC1=CC=C(C=C1)N2CCOCC2,nsp3
C=CCN(CC=C)C(=S)NC(=O)/C=C/C1=CC=CC=C1,nsp3
CC1=C(C(=NO1)C2=CC=CC=C2)C(=O)NC(=S)NNC(=O)C3=CC=NC=C3,nsp3
CC1=C(C(=NO1)C2=CC=CC=C2)C(=O)NC(=S)NNC(=O)C3=CC=CC=C3O,nsp3
CC1=C(C(=NO1)C2=CC=CC=C2)C(=O)NC(=S)NNC(=O)C3=C(C=C(C=C3)O)O,nsp3
CCCN1C/C(=C\C2=CC3=C(C=C2)OCO3)/C(=O)/C(=C\C4=CC5=C(C=C4)OCO5)/C1,nsp3
CC(C)N1C/C(=C\C2=CSC=C2)/C(=O)/C(=C\C3=CSC=C3)/C1,nsp3
C1=CSC(=C1)CC(=O)NNC(=S)NC(=O)/C=C/C2=CC=CS2,nsp3
COC1=CC=CC(=C1)C(=O)NC2=NC(=C(O2)C3=CC=CC=C3)C4=CC=CC=C4,nsp3
CCOC(=O)C1=C(N(C(=S)S1)C)NC(=O)C2=CC=CC=C2Cl,nsp3
CCN1C(=O)/C(=C\2/C=CC=CN2C)/OC1=S,nsp3
COC1=C(C=C(C=C1)C(=O)NC(=S)NNC(=O)C2=NC=CN=C2)OC,nsp3
C1CCN(C1)CCCCCOC2=CC=CC=C2F,nsp3
C1=CC=C2C(=C1)C(=CC=C2Cl)OC3=C(C=C(C=C3)C(=O)N)[N+](=O)[O-],nsp3
C1OC2=C(O1)C=C(C=C2)CNC(=O)C3=CC=NC=C3,nsp3
C1=CC2=C(C=C1C(=O)OCC(=O)NC3=C(C=C(C=N3)Cl)Cl)SC=N2,nsp3
C1CCC2=C3C(=NN(C3=O)C4=CC=CC=C4)N=C(N2CC1)SCC(=O)C5=CC(=C(C=C5)O)O,nsp3
CC1=C(C=C(C=C1)S(=O)(=O)NCCC(=O)NCC2=CC3=C(C=C2)OCO3)C,nsp3
CC(=O)C1=CC=C(C=C1)OCCCC(=O)NNC(=O)C2=CC(=CC(=C2)OC)OC,nsp3
CC1=CC(=C(N1CCCC(=O)OC)C)C(=O)CCl,nsp3
CC1=CC(=C(N1C2=CC=C(C=C2)F)C)C(=O)OCC(=O)N3CC(=O)NC4=CC=CC=C43,nsp3
CCC1=C2C(=CC=C1)C(=CN2)C(=O)CSC3=NN=CN3C4=CC=CC=C4OC,nsp3
CCOC(=O)C1=C(NC(=C1C)C(=O)OCC)CSC2=NN=C(O2)C3=CC=C(C=C3)OC,nsp3
CCNC(=S)NNC(=O)C1CCCCC1,nsp3
C1CN(CCN1C(=O)CC2=CC(=O)NC(=O)N2)C(=O)C3=CC=CO3,nsp3
CCC1=NN=C(O1)NC(=O)C2=CC=C(C=C2)S(=O)(=O)N(CC(C)C)CC(C)C,nsp3
CC1=C(C=C(C=C1)N2C(=O)/C(=C\C3=CN=C(N=C3)C4=CC=CC=C4)/C(=O)NC2=O)C,nsp3
CCCCC1=CC=C(C=C1)NC(=S)NN2CCOCC2,nsp3
CC1=C(C(=CC=C1)OCC(=O)NNC(=S)NC)C,nsp3
CC1=CC(=NN1)C(=O)NNC(=S)NC(=O)/C=C/C2=CC=CC=C2Cl,nsp3
C1=CC=C(C(=C1)C2=NN=C3N2N=C(S3)C4=CC=CS4)Cl,nsp3
COC1=CC=CC=C1/C=C\2/C(=O)N(C(=S)S2)CCC(=O)NC3=NCCS3,nsp3
CC1=CC(=CC(=C1)N2C(=CC(=C2C)C(=S)N3CCOCC3)C)C,nsp3
COC1=CC=C(C2=CC=CC=C21)S(=O)(=O)NCCN3CCOCC3,nsp3
C1=CC=NC(=C1)NC(=S)NC(=O)C2=CC=CO2,nsp3
CC(C)(C)C1=CC(=CC(=C1O)C(C)(C)C)CCC(=O)NNC(=S)NC(=O)C2=CC=CC=C2,nsp3
CC(=O)OC1=CC=C(C=C1)C2=CC(=CC=C2)C(=O)OCC(=O)NC3=CC=CC=C3OC4=CC=CC=C4,nsp3
COC1=CC=C(C=C1)N(CN2C(=O)C3=CC=CC=C3C2=O)C(=O)COC4=C(C=C(C=C4)Cl)Cl,nsp3
CCC1=NC2=C(C3=C(S2)CCCC3)C(=O)N1NC(=O)CCl,nsp3
C1=CC=C(C(=C1)C(=O)NN=CC2=C(C=C(C=C2)O)O)NS(=O)(=O)C3=CC=CS3,nsp3
COC1=C(C=C(C=C1)/C=C/C(=O)OCC(=O)NC2CCCCCC2)OC,nsp3
C1CCCC(CC1)NC(=O)COC(=O)C2=CC=CC=C2C(=O)C3=CC(=C(C=C3)Cl)[N+](=O)[O-],nsp3
CCNC(=S)NN(C1=CC=CC=C1)C2=CC=CC=C2,nsp3
CC1=C(C(=CC=C1)C)NC(=S)NN2CCN(CC2)C,nsp3
CC1=CC=C(C=C1)NC(=O)CNC2=CC(=C(C=C2C(=O)OC)OC)OC,nsp3
C1=CC=C(C=C1)C2=CSC(=N2)NC(=O)COC(=O)/C=C/C3=CC=CS3,nsp3
C1CC(CCC1NC(=O)C2=CC=C(O2)Br)O,nsp3
C1=CC=C(C=C1)SC2=CC=CC=C2NC(=O)CCl,nsp3
CC\1(C2=CC=CC=C2N(/C1=C\C(=S)NC(=O)C3=CC=CC=C3Cl)C)C,nsp3
CC1=CC(=C(C=C1)OC)NC(=O)C2=CC3=CC=CC=C3C=C2OCC(=O)NCC4=CC=CO4,nsp3
CC(C)CC(=O)NC1=CC=C(C=C1)C(=O)CN2C(=O)C3=CC=CC=C3C(=N2)C(=O)O,nsp3
CCN1C2=C(C=C(C=C2)C)C(=O)C1=O,nsp3
CCN(C1CCCCC1)C(=O)NC2=C(N=C(C(=C2)C(=O)OCC)C)C,nsp3
CC1=C(SC(=C1C(=O)OC)NC(=O)CSC2=NC3=CC=CC=C3C(=O)N2CC4=CC=CO4)C,nsp3
C1=CC=C(C(=C1)C(=O)NCCC(=O)NC2=CC(=C(C=C2)Cl)C(F)(F)F)Cl,nsp3
C1=CC=C(C=C1)C2=NC(=CS2)COC(=O)CNS(=O)(=O)C3=CC4=CC=CC=C4C=C3,nsp3
CC1=CC(=CC=C1)C2=NN=C(N2CC=C)SCC3=CC(=O)N4C=C(C=CC4=N3)C,nsp3
CN1C(=C(C(=O)N(C1=O)C)C(=O)COC(=O)CCC2=CNC3=CC=CC=C32)N,nsp3
CC1=CC(=C(N1CCC2=CC(=C(C=C2)OC)OC)C)C(=O)CCl,nsp3
C1=CC=C(C=C1)C2=CC=CC=C2C(=O)NC3=CC(=C(C=C3)F)F,nsp3
CC1=NN=C(N1CC2=CC=CC=C2)SCC(=O)C3=C(N(C(=O)N(C3=O)C)C)N,nsp3
CC(=O)N(C)CC1=CC=C(C=C1)C(=O)CCl,nsp3
CC1=C(SC(=S)N1)CC2=CC(=C(C=C2)Cl)Cl,nsp3
C1CCCN(CC1)S(=O)(=O)C2=CC=C(C=C2)C(=O)OCC(=O)NCC3=CC=C(C=C3)F,nsp3
CC1=C(C(=CC=C1)C)NC(=O)CN2C(=O)C(=C(N(C2=O)C)N)N3CCCCC3,nsp3
CC1=C(C2=C(C=C1)C(=CC(=O)O2)CSC3=NN=C4N3C=CC=C4)C,nsp3
C1COC2=C(O1)C=CC(=C2)CCNC(=O)/C=C/C3=CC=C(C=C3)F,nsp3
CC(C)C1=CC=C(C=C1)NC(=O)CN2C(=O)C3(CCCC3)NC2=O,nsp3
CC1=CC(=C(O1)C)C(=O)NNC(=O)C2=CC=C(C=C2)S(=O)(=O)N(C)C,nsp3
C1=CC=C(C=C1)SCCNC(=S)NC(=O)C2=CN=CC=C2,nsp3
CC1=CC2=C(C=C1)NC(=S)C=C2C,nsp3
CC1=CSC(=C1NC(=O)CSC2=CC=C(C=C2)Cl)C(=O)OC,nsp3
CCOC(=O)C(CC1=CC=CC=C1)C(=O)NC2=CC=CC(=C2)C,nsp3
CC1=CC(=C(C=C1)C)NC(=O)CCCCCCCCCCC2COCCO2,nsp3
C1=CC=C(C=C1)CN2C3=CC=CC=C3N(C2=N)CC(COC4=CC=CC=C4)O.Cl,nsp3
CC1=CC(=CC=C1)OCCNC2=C(C=CC(=C2)N3CCN(CC3)CCO)[N+](=O)[O-].Cl,nsp3
CC(=O)NC(C1=C(C=C(C=C1)OC)OC)C2=C(C3=C(C=CC=N3)C=C2)O,nsp3
CC(=O)NC(C1=CC(=CC=C1)[N+](=O)[O-])C2=C(C3=C(C=CC=N3)C=C2)O,nsp3
CC1=NC(=C(N1CC2=CC=CC=C2)SC3=NC4=C(N3)C=C(C=C4)[N+](=O)[O-])[N+](=O)[O-],nsp3
CCC(=O)NC(C1=C(C2=C(C=CC=N2)C=C1)O)C3=CC=CC=C3OC,nsp3
CCCC(=O)NC(C1=C(C2=C(C=CC=N2)C=C1)O)C3=CC=CC=C3Cl,nsp3
CC(=O)NC(C1=C(C2=C(C=CC=N2)C=C1)O)C3=CC=CO3,nsp3
CCCC(=O)NC(C1=CC=C(C=C1)N(C)C)C2=C(C3=C(C=CC=N3)C=C2)O,nsp3
CC1=C(SC(=N1)NC(=O)C)C2=CSC(=N2)NC3=CC=C(C=C3)OC.Br,nsp3
CC(C1COC2=CC=CC=C2O1)NC(=S)NC3=CC=CC=C3,nsp3
CCC(=O)C1=CC(=C(C=C1)N2CCN(CC2)C(=O)C3=C(C=CC(=C3)[N+](=O)[O-])N4CCN(CC4)C)F,nsp3
CC(C1=CC(=C(C=C1)OC)OC)NC(=O)C2=CC=CC=C2Cl,nsp3
COC1=CC=C(C=C1)S(=O)(=O)N(CC(=O)N2CCN(CC2)C3=CC=CC=C3OC)C4=CC=CC=C4,nsp3
C1=CC=C(C=C1)C(C2=CC(=C3C=CC=NC3=C2O)Cl)NC(=O)C4=CN=CC=C4,nsp3
COC1=C(C=C(C=C1)C(C2=CC(=C3C=CC=NC3=C2O)Cl)NC(=O)C4=CN=CC=C4)OC,nsp3
C1=CC(=CN=C1)C(=O)NC(C2=CC=C(C=C2)Cl)C3=CC(=C4C=CC=NC4=C3O)Cl,nsp3
COC(C1=CC=CC=C1)C(=O)NC2=CC=C(C=C2)F,nsp3
CCCCNC(=O)N1CCC2=CC=CC=C2C1,nsp3
CCC(C(=O)NC1=NOC(=C1)C)OC(=O)C(C2=CC=CC=C2)NC(=O)C3=CC=CC=C3,nsp3
C=CCN1C(=NNC1=S)C23CC4CC(C2)CC(C4)C3,nsp3
CC1=CC=C(C=C1)C(C2=CC(=C3C=CC=NC3=C2O)Cl)NC(=O)C,nsp3
COCCNC(=S)NC(=O)CC12CC3CC(C1)CC(C3)C2,nsp3
CCCCC(=O)NC(C1=CC=C(C=C1)N(CC)CC)C2=C(C3=C(C=CC=N3)C=C2)O,nsp3
CN1C(=NNC1=S)C23CC4CC(C2)CC(C4)C3,nsp3
CCC1(NC(=S)N(N1)C2=CC=CC(=C2C)C)C3=CC=CC=C3,nsp3
CCC(=O)NC(C1=CC=C(C=C1)C)C2=CC(=C3C=CC=NC3=C2O)[N+](=O)[O-],nsp3
CC(=O)NC(C1=CC=C(C=C1)OC)C2=CC(=C3C=CC=NC3=C2O)Cl,nsp3
COC1=CC(=C(C=C1)OC)C2=C3C=C(C(=O)C=C3OC4=CC(=C(C=C42)O)O)O,nsp3
CCOC1=CC=CC=C1C2=C3C=C(C(=O)C=C3OC4=CC(=C(C=C42)O)O)O,nsp3
COC1=CC(=C(C=C1C2=C3C=C(C(=O)C=C3OC4=CC(=C(C=C42)O)O)O)OC)OC,nsp3
CC1CCC2=C(N1S(=O)(=O)C3=CC=C(C=C3)F)C=CC(=C2)F,nsp3
C1=CC=C(C=C1)C(CC(=O)C2=CC=CC=C2)NC3=CC=C(C=C3)F.Cl,nsp3
CC(C)(C)C1=CC=C(C=C1)C(=O)NC(=S)NCC2CCCO2,nsp3
CC1=CC=C(C=C1)SC(C)C(=O)NC2=C(N(N(C2=O)C3=CC=CC=C3)C)C,nsp3
CCOC1=C(C=CC(=C1)CNCCC2=CC=CC=C2)OCC(=O)NC(C)(C)C.Cl,nsp3
CN1C(=O)C2=C(C1=O)C=C(C=C2)NC(=O)C3=CC(=C(C=C3)N4CCCCC4)[N+](=O)[O-],nsp3
C1=CC=C(C(=C1)C(C2=CC(=C3C=CC=NC3=C2O)Cl)NC4=CC=CC=N4)OCC(=O)O,nsp3
C1=CC=NC(=C1)NC(C2=CN=CC=C2)C3=CC(=C4C=CC=NC4=C3O)Cl,nsp3
CS(=O)(=O)N(CC1=CC=CO1)CC(CN2C=C(C3=CC=CC=C32)C=O)O,nsp3
CC(C(=O)NCC1=CC2=C(C=C1)OCO2)N3C4=CC=CC5=C4C(=CC=C5)S3(=O)=O,nsp3
CC1=CC(=NO1)NC(C2=CN=CC=C2)C3=C(C4=C(C=CC=N4)C=C3)O,nsp3
CN1C=CC=C1C(=S)N=P(C2CCCCC2)(N3CCOCC3)N4CCOCC4,nsp3
C1=COC(=C1)C(=O)NC(C(Cl)(Cl)Cl)N2C=CC(=O)NC2=O,nsp3
CC1(C2CCC1(C(=O)N(C2=O)NC(=O)C3=CC=CC=C3O)C)C,nsp3
CCCCCC(=O)NC1=CC=C(C=C1)CC2=CC=NC=C2,nsp3
CC1=NC=C(N1)C23CC4CC(C2)CC(C4)C3,nsp3
CC1=C(C(=O)N(N1)C2=CC=CC=C2)C(C3=CC(=C(C=C3)OC)OC)C4=C(NN(C4=O)C5=CC=CC=C5)C,nsp3
CC1=CC=C(C=C1)C(=O)COC(=O)CCN2C(=O)C3C4CC(C3C2=O)C(C4Br)Br,nsp3
CCCC(=O)NC(C1=CC=C(C=C1)C)C2=C(C3=C(C=CC=N3)C=C2)O,nsp3
CCCCC(=O)NC(C1=CC=CC=C1)C2=C(C3=C(C=CC=N3)C=C2)O,nsp3
CC(C)C(=O)NC(C1=CC(=CC=C1)[N+](=O)[O-])C2=C(C3=C(C=CC=N3)C=C2)O,nsp3
CC(=O)NC(C1=CC(=CC=C1)OC)C2=C(C3=C(C=CC=N3)C=C2)O,nsp3
CCCCC(=O)NC(C1=CC=C(C=C1)C(C)C)C2=C(C3=C(C=CC=N3)C=C2)O,nsp3
CCCCC(=O)NNC(=S)NC(=O)CCC,nsp3
CCCCCC(=O)NNC(=S)NC(=O)C1=CC(=CC=C1)[N+](=O)[O-],nsp3
CCCC(=O)NC(C1=CC2=C(C=C1)OCO2)C3=CC(=C4C=CC=NC4=C3O)Cl,nsp3
CCC(C)C(=O)NC1=NC=CS1,nsp3
C1=CC=C(C=C1)CN2C(=NN=C2SCC(=O)NNC(=O)C3=CC=CC=C3O)C4=CC=CC=C4O,nsp3
C1CC(=O)N(C1)CCCNC(=O)C2=NN3C(=CC(=NC3=C2)C4=CC=CO4)C(F)(F)F,nsp3
CCCN1C(=O)C(SC1=O)CC(=O)NC2=CC=C(C=C2)C,nsp3
CN1C(=O)C(SC1=O)NC2=CC=CC=C2,nsp3
CN1C(=O)C(SC1=O)NC2=CC=CC3=CC=CC=C32,nsp3
CC1=CC=C(C=C1)C(=O)N2CCN(CC2)C3=C(C=C4C(=C3)N(C(=O)N4C)C)[N+](=O)[O-],nsp3
C1=CC=C(C=C1)NC(=O)CSC2=NN=C(S2)C3=CN=CC=C3,nsp3
CN(C)S(=O)(=O)C1=CC=C(C=C1)C(=O)NCC2=CC3=C(C=C2)NC4=C3CCCC4,nsp3
CC1=C(C(=CC=C1)C)NC(=O)COC(=O)C2C3CC4C2C(=O)OC4C3,nsp3
CC1=CC2=C(C=C1)NC(=O)C(=C2)C3C4=C(C5=C(C=CC=N5)C=C4)OC(=C3C#N)N,nsp3
CC(=O)C1=CC=C(C=C1)N(C(C2=CC=CC=N2)C(=O)NCC3=CC=CC=C3)C(=O)CN4C5=CC=CC=C5N=N4,nsp3
COC1=CC=C(C=C1)N(CC(=O)NCC2=CC=C(C=C2)F)C(=O)C3=C(C(=NS3)C(=O)N)N,nsp3
CCN1N=C(N=N1)C2=CC=CC=C2NS(=O)(=O)C3=CC=C(C=C3)S(=O)(=O)N(C)C4CCCCC4,nsp3
CC1=CC2=NC(=C(N2C=C1)NCC3=CC4=C(C=C3)OCO4)C5=CC=C(C=C5)O,nsp3
CCN(CC)S(=O)(=O)C1=CC=C(C=C1)S(=O)(=O)N2CCCC2C(=O)O,nsp3
CC1CC2=CC=CC=C2N1C3=NC(=NC4=C3N=NN4CC5=CC=CC=C5)C6CC6,nsp3
CCC1=NC(=C2C(=N1)N(N=N2)CC3=CC=CC=C3Cl)NC4=CC(=C(C=C4)OC)OC,nsp3
COC1=CC=CC(=C1)C2=CC3=C(C=C2)N=CN=C3NCC4=CC=CS4,nsp3
CC1=CC=C(O1)CNC(=O)C2=CN(C(=O)C3=C2C4=CC=CC=C4N3C)C5CCCCC5,nsp3
CC1=CC(=CC=C1)NC(=O)NCC(C2=CN=CC=C2)N3CCOCC3,nsp3
CCC1CCCCN1S(=O)(=O)C2=CC=C(C=C2)C(=O)NC3=NN=C(O3)C4=CC=CS4,nsp3
CC1=C(C(=NO1)C)S(=O)(=O)N(CC(=O)NC2=C(C=CC(=C2)Cl)OC)C3=CC=C(C=C3)OC,nsp3
CC1=CC(=C(C=C1)NC(=O)CN2C=CC=C2)Br,nsp3
C1COCCN1CC2=CC(=C3C=CC=NC3=C2O)COCC4=CC=CC=C4,nsp3
CCOC(=O)N1CCN(CC1)C(=O)CSCC(=O)NC2=NC(=CS2)C3=CC=C(S3)Cl,nsp3
CC1=CC(=C(C=C1)C)N2CCN(CC2)C(=O)C3CCCN(C3)S(=O)(=O)C4=C(NC(=O)NC4=O)C,nsp3
CN(C)S(=O)(=O)C1=CC=C(C=C1)C(=O)N2CCN=C2SCC3=CN=CC=C3,nsp3
[B-](C1=CC=CC=C1)(C2=CC=CC=C2)(C3=CC=CC=C3)C4=CC=CC=C4.CC1=[N+](C=CC(=C1)OC)OC(=O)N2CCCCC2,nsp3
C1=CC=C2C(=C1)C(=O)N(C(N2)C3=C(C=C(C=C3)Cl)Cl)O,nsp3
CCC1=NC(=C(C2=C1CCCC2)C#N)Cl,nsp3
CN(C)C(CNC(=O)C1=CC(=NC2=CC=CC=C21)C3=CC=CO3)C4=CC=CC=C4,nsp3
CC1=NC2=C(C=C1)C=CC(=C2O)C(C3=CN=CC=C3)NC4=CC=CC(=C4)C(F)(F)F,nsp3
COC1=C(C=C(C=C1)C2NC3=CC=CC=C3C(=O)N2O)CN4CCOCC4,nsp3
CCC1=C2C(=CC=C1)C(=CN2)C(=O)CCl,nsp3
CCC1=CC=C(C=C1)NC(=O)C2C(=C(C(=NC3=CC=CC=C3)S2)C(=O)NCCN4CCOCC4)N,nsp3
COC1=CC=C(C=C1)C(C2=C(C(=O)C=C(O2)CO)O)NC3=CC=CC=N3,nsp3
CC1CCCCN1C(=S)SCC2=NC(=NC(=N2)NC3=CC=CC=C3OC)N,nsp3
CC(=O)NCC1=C(C=CC=C1Cl)N2C=CC=C2,nsp3
CCC1=NN=C(O1)NC(=O)C2=CC=C(C=C2)S(=O)(=O)N3CCCC4=CC=CC=C43,nsp3
C1=CC=C(C=C1)N2C=C(NC2=S)C3=CC=CS3,nsp3
C1=CC(=CC(=C1)O)C(C2=C(C3=C(C=CC=N3)C=C2)O)NC4=NC=CS4,nsp3
CC1CCCC(N1NC(=S)NC2=CC(=CC=C2)OC)C,nsp3
C1=CC=C2C(=C1)C(=O)N(C(N2)C3=C(NN=C3)C4=CC=C(C=C4)Cl)O,nsp3
C1COCCN1S(=O)(=O)C2=CC(=C(C=C2)O)NC(=O)CSC3=NC4=CC=CC=C4S3,nsp3
CCC(=NNC(=O)C1=CC2=C(C=C1)N(C(=N2)C)CC)C3=C(C=CC(=C3)F)O,nsp3
CC(C)(C)C1=C(C(C(=C(O1)N)C#N)C2=CN=CC=C2)C#N,nsp3
C1COCCN1CCCN2C(C(=C(C2=O)O)C(=O)C3=CC4=CC=CC=C4O3)C5=CC=NC=C5,nsp3
CCOC1=C(C=C(C=C1)C(=O)NC2=CC=C(C=C2)NC(=O)C3=CC=CS3)[N+](=O)[O-],nsp3
CC1=CC=C(C=C1)S(=O)(=O)NC(C(C)C)C(=O)OC2=C(C=C3C(=CC(=O)OC3=C2)C)Cl,nsp3
C1CCC2=C(C1)C(=C(N=C2C3=CC=CC=C3)N4CCN(CC4)C(=O)C5=CC=CC=C5Cl)C#N,nsp3
CC1CN(CC(O1)C)C(=S)SCC(=O)C2=CC=CC=C2,nsp3
CC1=C(C=CC=C1[N+](=O)[O-])C(=O)NC2=CC(=C(C=C2)NC(=O)C3=CC=CO3)OC,nsp3
CC1=C(C=C(C=C1)NC(=S)NC2=CC3=C(C=C2)C=NN3)C,nsp3
C1COCCN1CCCN2C(=O)C3=CC=CC=C3N=C2SCC(=O)NC4=CC=CC=C4OC(F)F,nsp3
CC(C(=O)NN=C1CCCC1)N(C2=CC=C(C=C2)OC)S(=O)(=O)C,nsp3
CCCCCCCN1C(=O)C(C(=N1)C)C(=O)C2=CC=CC=C2,nsp3
C1CC(=C(C1)NNC(=O)C2=CC(=CC=C2)O)C(=O)C(F)(F)F,nsp3
CCCC1=CC(=CS1)C2=NNC(=S)N2C(C)C3=CC=CC=C3,nsp3
COC1=CC=CC(=C1)C(C2=C(C(=O)C=C(O2)CO)O)NC3=CC=CC=N3,nsp3
COC1=CC=CC=C1NC(C2=CN=CC=C2)C3=C(C4=C(C=CC=N4)C=C3)O,nsp3
CCC1=NN=C(S1)NC(=O)CSC2=NC=CN2C3=CC=CC(=C3)C,nsp3
C1CCCC(CC1)NC(=O)COC(=O)C2=C(N=CC=C2)Cl,nsp3
CC(=C1C2CCC1C3C2C(=O)N(C3=O)NC(=O)C4=CC=CO4)C,nsp3
C1=CC=C(C(=C1)C(C2=C(C(=O)C=C(O2)CO)O)NC3=CC=CC=N3)Cl,nsp3
CC1=CC=C(C=C1)C2CC2C(=O)NNC(=S)NC3=CC(=CC=C3)Cl,nsp3
CCOC(=O)C1=CC=C(C=C1)C2=CC=C(O2)C3NC4=CC=CC=C4C(=O)N3O,nsp3
CC1=CC(=C[N+](=C1)C2=NC3=CC=CC=C3N=C2[N-]S(=O)(=O)C4=CC=CS4)C,nsp3
C1COCCN1C(=O)C2=CC=C(C=C2)N3C(=O)C4=CC=CC=C4N=C3SCC5=CC(=CC=C5)F,nsp3
CC(C(C)(C)C)NC(=S)NC1=CC=CC=C1OC(F)F,nsp3
CC(C1CC2CCC1C2)NC(=O)C3=CC=C(C=C3)N(C)C,nsp3
CC(C(=O)NC1=CC2=C(C=C1)C(=O)C3=CC=CC=C3C2=O)SC4=NN=C(S4)NCC5=CC=CC=C5,nsp3
COC1=C(C=C(C=C1)C2C=C(NC(=S)N2)C34CC5CC(C3)CC(C5)C4)OC,nsp3
CC(C)(C)N(CC1=CC=CC=C1)C(=O)COC(=O)C2CCCCC2,nsp3
CC1=CC(=CC=C1)NC(=S)NNC(=O)COC2=C(C=C(C=C2)Cl)Cl,nsp3
C1C(OC2=CC=CC=C2O1)C(=O)NC3=NC(=CS3)C4=CC=CC=N4,nsp3
CCOC(=O)N1CCN(CC1)C(C2=CN=CC=C2)C3=C(C4=C(C=CC=N4)C=C3)O,nsp3
CC1=CC=C(C=C1)C2CC2C(=O)NNC(=S)NC3=CC=CC(=C3)C,nsp3
CC(=O)OCC#CCSC1=NC2=CC=CC=C2N1C,nsp3
CC1=CC=C(C=C1)NC2=NN=C(S2)SC(C)C(=O)NC3=C(N(N(C3=O)C4=CC=CC=C4)C)C,nsp3
CCCCCN(C(=O)NC(=O)NC1=CC=C(C=C1)C)S(=O)(=O)C2=CC=CC=C2,nsp3
C1CN(C2=CC=CC=C21)S(=O)(=O)C3=CC=CC(=C3)C(=O)NC4=NC5=C(S4)C=C(C=C5)F,nsp3
CC1CCC2=C(C1)SC(=C2C(=O)OC)NS(=O)(=O)C3=CC=C(C=C3)C,nsp3
COC1=CC(=C(C=C1)OC)C2C=C(NC(=S)N2)C34CC5CC(C3)CC(C5)C4,nsp3
CC1=C(C=C(C=C1)OCC(=O)NNC(=S)NC)C,nsp3
COC1=CC=C(C=C1)C(C2=C(C(=O)C=C(O2)CO)O)C3=C(C(=O)C=C(O3)CO)O,nsp3
COC1=C(C=C(C=C1)C(C2=C(C(=O)C=C(O2)CO)O)C3=C(C(=O)C=C(O3)CO)O)OC,nsp3
C1=CC=C(C=C1)N2C=C(C(=N2)C(=O)NN)O,nsp3
CC1=CC2=C(C=C1)N(C(C=C2)C#N)C(=O)C3=CC=CC=C3,nsp3
CCCCOC1=CC=C(C=C1)C(=O)NCC(=O)NC2CC2,nsp3
CC1=C(SC(=S)N1)CC2=CC=C(C=C2)F,nsp3
CN(C)S(=O)(=O)C1=CC=CC(=C1)NC(=S)NNC(=O)C2=CC3=CC=CC=C3C=C2O,nsp3
CC1=CC=CC=C1OCCOC(=O)C2=C(C=CC(=C2)S(=O)(=O)N3CCCCC3)N4CCOCC4,nsp3
CC1=CC(=CC=C1)NC(=O)CN2C=NC3=C(C2=O)OC4=C3C=C5COC(CC5=N4)(C)C,nsp3
CC(C(=O)NCC1=CC=CC=N1)OC2=CC3=C(C=C2)C(=CC(=O)O3)C4=CC=C(C=C4)OC,nsp3
CC1=NC2=C(C=C1)C=CC(=C2O)C(C3=CC=CC=C3)NC4=CC=CC=N4,nsp3
CC1CCCC(C1C)NC(=O)NC(=O)CCl,nsp3
C1=CC=C2C(=C1)C(=O)N(C(N2)C3=CC=C(O3)C4=CC(=CC=C4)[N+](=O)[O-])O,nsp3
CC1=CC2=CC=CC=C2C(=O)N1CC(=O)NC3=CC(=C(C(=C3)OC)OC)OC,nsp3
CC1CCCC(N1NC(=S)NC2=CC=C(C=C2)OC)C,nsp3
CC1CSC2=CC=CC=C2NC1=S,nsp3
CC1CCCC(N1NC(=S)NC2=CC=C(C=C2)OC(F)F)C,nsp3
CC1=CC=CC=C1N2C(=C(C(=O)NC2=O)C(=NCC3=CN=CC=C3)C)O,nsp3
C1CCC(CC1)NC(=S)NC2=CC=C(C=C2)OC3=CC=C(C=C3)NC(=S)NC4CCCCC4,nsp3
CC1=CC(=CC=C1)NC(=S)N=NC2=C(N(C3=CC=CC=C32)CC=C)O,nsp3
C1=C2C3=C(C(=C1O)O)OC(=O)C4=CC(=C(C(=C43)OC2=O)O)O,nsp3
CCOC(=O)N1CCC(CC1)N2CC3=C(C2=O)C(=CC=C3)C(=O)N4CCN(CC4)C5CCCCC5,nsp3
CC1=NOC(=C1Cl)C(=O)N2CC3(CC2CC(C3)(C)C)C,nsp3
C[C@@H]1C[C@H]2[C@@H]3CCC4=CC(=O)C=C[C@@]4([C@]3([C@H](C[C@@]2([C@H]1C(=O)CO)C)O)F)C,nsp3
CC(C)OC1=CC=C(C=C1)/C=N/NC(=S)N,nsp3
C1=CC=C2C=C(C=CC2=C1)/C=N/NC(=S)N,nsp3
C1CC(CC=C1)/C=N/NC(=O)C2=C(C=C(C=C2)Cl)O,nsp3
CC1=CC(=C(N1C2=CC=C(C=C2)Cl)C)/C=N/NC(=S)N,nsp3
CC1=CC=C(C=C1)N2C(=CC(=C2C)/C=N/NC(=S)N)C,nsp3
CC1=CC(=CC=C1)N2C(=CC(=C2C)/C=N/NC(=S)N)C,nsp3
CC1=CC(=C(C=C1)CN2CCN(CC2)/N=C/C3=C(C=CS3)C)C,nsp3
C1=CC=C(C=C1)CNC(=S)N/N=C/C2=CC=CS2,nsp3
CCOC(=O)C(C)/C(=N/NC(=S)N)/C,nsp3
CC1=CC=C(C=C1)/C(=C/2\C(N(C(=O)C2=O)CC3=CC=CO3)C4=C(C=CC(=C4)OC)OC)/O,nsp3
C1=CC=C2C(=C1)C=C3C=CC=CC3=C2/C=N\NC(=S)N,nsp3
C/C(=N\NC(=S)N)/C1=CC=C(S1)Cl,nsp3
C1=CC=C(C=C1)COC2=CC=CC=C2/C=N\NC(=S)N,nsp3
C/C(=N\NC(=S)NC)/C1=CC(=CC=C1)[N+](=O)[O-],nsp3
CCOC(=O)C1=C(SC(=C1C)C)/N=C/C2C(=O)CC(CC2=O)(C)C,nsp3
C/C(=N\NC(=S)N)/C=C/C1=CC=CC=C1,nsp3
COC1=CC=C(C=C1)/C=C\2/C(=O)/C(=C/C3=CC=C(C=C3)OC)/CN(C2)CC4=CC=CC=C4,nsp3
CC1=CC=CC=C1C(=O)/C(=N/NC2=C(N(N(C2=O)C3=CC=CC=C3)C)C)/C#N,nsp3
CC1=C(C(=O)N(N1C)C2=CC=CC=C2)N/N=C(\C#N)/C(=O)C3=CC=C(C=C3)Cl,nsp3
CC1=CC=C(C=C1)S(=O)(=O)N2CCN(CC2)CC(=O)N/N=C(\C)/C3=CN=CC=C3,nsp3
CC1=C(C=C(C=C1)NC(=S)/N=C(\N)/NC2=NC3=CC=CC=C3C(=N2)C)C,nsp3
CC1=C(N=C(S1)/N=C/2\C=C(OC3=CC=CC=C32)C4=CC(=C(C=C4)OC)O)C5=CC=CC=C5,nsp3
COC1=CC(=CC(=C1OC)OC)C2=NN=C(O2)SCC3=CC(=O)OC4=CC(=C(C=C34)O)O,nsp3
COC1=CC=CC(=C1)N2C(=O)C3=CC=CC=C3N=C2SCC4=CC(=O)OC5=CC(=C(C=C45)O)O,nsp3
C1=CC=C(C=C1)/C=N/NC(=S)N,nsp3
CC[N+]1=C(SC2=CC=CC=C21)/C=C(/C)\SC.COS(=O)(=O)[O-],nsp3
CC1=C(SC(=N1)N/N=C\C2=CC3=C(C=C2)OCO3)C,nsp3
CC1=CC=C(C=C1)C2=NC(=O)/C(=C/C3=CC(=C(C(=C3)Br)O)O)/S2,nsp3
CCC(=O)NC(/C=C/C1=CC=CC=C1)C2=CC(=C3C=CC=NC3=C2O)[N+](=O)[O-],nsp3
CCC(C)NCCCOC1=C(C=C(C=C1)/C=C/C)OC.C(=O)(C(=O)O)O,nsp3
CC1=C(C(NC(=S)N1)/C=C/C2=CC=CC=C2)C(=O)OCC3=CC=CC=C3,nsp3
CN1C/C(=C\C2=CC=C(C=C2)N3CCOCC3)/C(=O)/C(=C/C4=CC=C(C=C4)N5CCOCC5)/C1,nsp3
C/C(=N\NC(=S)NC1=CC=CC=C1)/CC2=CC=C(C=C2)OC,nsp3
CC1(C2CCC1(C(=O)N(C2=O)CSC(=S)N/N=C\C3=CC=CC=C3)C)C,nsp3
C/C(=N\NC(=S)N)/CC(=O)NC1=CC=C(C=C1)NC(=O)C,nsp3
CCC(/C(=N\NC(=O)C1=CC=CC=C1O)/C)C(=O)OCC,nsp3
COC1=C(C=C(C=C1)/C=N\NC(=O)C2=CC(=C(C(=C2)O)O)O)CN3CCN(CC3)C4=CC=C(C=C4)F,nsp3
C/C(=N\NC(=O)CC1=CSC(=N1)N)/CC(=O)NC2=CC=C(C=C2)N(C)C,nsp3
CN(C)S(=O)(=O)C1=CC=C(C=C1)/C(=C/2\C(N(C(=O)C2=O)CC3=CN=CC=C3)C4=CC=NC=C4)/O,nsp3
CC1=CC=C(O1)/C=C/C(=O)OCC(=O)NC2=CC(=CC=C2)S(=O)(=O)N(C)C,nsp3
CC\1=CCC(C/C1=N\NC(=S)NC2=CC=CC=C2)C(=C)C,nsp3
C1CCN(CC1)C(=O)NC2=CC=C(C=C2)S(=O)(=O)NC3=CC=CC=C3F,nsp3
CCN1C(=NN=C1SCC(=O)NC2CCCCC2)C3=CC=CC=N3,nsp3
CCC1=C(C(=CC=C1)CC)NC(=O)CN2CCN(CC2)C3=CC=CC=C3.Cl,nsp3
COC1=CC(=C(C=C1)OC)C(C2=NN=NN2CC3CCCO3)N4CCN(CC4)C5CCCC5.Cl,nsp3
CCN(CC)C1=CC2=C(C=C1)NCCC2.Cl,nsp3
C1CN(CCN1CC(=O)NC2=CC=CC=C2N3C=CC=C3)C4=NC=CC=N4.Cl,nsp3
CC1=C(C(=NN1C2=CC=CC=C2)C)/C=N/NC(=O)CSC3=NN=C(S3)SCC4=CC=CC=C4Cl,nsp3
CC1=CC=C(C=C1)COC2=C(C=C(C=C2)/C=N/NC(=S)N)OC,nsp3
COC1=C(C=C(C=C1)/C=N/NC(=S)N)OC(=O)C2=CC=CC=C2,nsp3
CC1=C(N=C(S1)N/N=C/C=C/C2=CC=CC=C2)C3=CC=CC=C3,nsp3
CN1C(=C(C=N1)Cl)C(=O)N/N=C/C2=CC=CC=N2,nsp3
CN(C)C1=CC=CC(=C1)C(=O)N/N=C/C2=CSC=C2,nsp3
CC1=C(C(=CC=C1)C)N2C(=CC(=C2C)/C=N/NC(=S)N)C,nsp3
C1=CC=C(C(=C1)/C=N/NC(=S)N)OCC2=CC(=CC=C2)Cl,nsp3
C1CCN(CC1)S(=O)(=O)C2=C(C=CN=C2)N3CCN(CC3)/N=C/C4=CC=C(C=C4)[N+](=O)[O-],nsp3
C1=CC=C(C(=C1)/C=N/NC(=O)CNC(=O)C2=CC=CO2)OCC(=O)O,nsp3
CC1=NN(C=C1/C=N/NC(=S)NC2=C(C=C(C=C2)Cl)Cl)C,nsp3
CC1=CC(=NC(=N1)N/N=C/C(=C/C2=CC=C(C=C2)C(C)C)/C)C,nsp3
CCOC1=CC=C(C=C1)C2=C(N=NN2C3=NON=C3N)C(=O)N/N=C/C4=CC=C(C=C4)OC,nsp3
CC(C)C1=C(N=NN1C2=NON=C2N)C(=O)N/N=C/C3=CC=CC=C3C(=O)O,nsp3
C1=CC(=CC=C1/C=N/NC(=S)N)N2C(=CN=N2)C3=CC=C(C=C3)Cl,nsp3
CCN(CC)C1=CC=C(C=C1)C(=O)N/N=C/C2=CC=CC=C2OC(F)F,nsp3
CC1=CC(=C(C=C1)C)/C=N/NC(=S)NC(C)C,nsp3
CC(C)(C)C1=CC=C(C=C1)/C=N/NC(=S)NC2CCCCC2,nsp3
CCCCNC(=S)N/N=C/C1=CC=CC=C1F,nsp3
CC(C)NC(=S)N/N=C/C1=CN(N=C1C2=CC(=C(C=C2)OC)OC)C3=CC=CC=C3,nsp3
CCNC(=S)N/N=C/C1=CC=CS1,nsp3
CC1=C(C(=NN1CC2=CC=CC=C2)C)/C=N/NC(=O)CNC3=CC=CC(=C3)C(F)(F)F,nsp3
CN1C=C(C2=CC=CC=C21)/C=N/N3C=NC4=C(C3=O)C(=CS4)C5=CC=CC=C5,nsp3
C1CCC(C1)NC(=O)CSC2=NC=CN2CC3=CC=CC=C3,nsp3
CC(=O)C1=CC(=CC=C1)NC(=O)CSC2=NN=C(C=C2)C3=CC=CC=N3,nsp3
C1=CC=C(C=C1)/C=C/C=N/NC(=S)N,nsp3
C1=CC=C(C=C1)C(=O)N/C(=C\C2=CN=CC=C2)/C(=O)NCCC3=CC=C(C=C3)Cl,nsp3
CC1=CC(=C(C=C1)C)/C=C/C(=O)C2=C(C(=O)C=CC=C2)O,nsp3
C1=CC=C(C=C1)/C=C/C(=O)C2=C(C(=O)C=CC(=C2)Br)O,nsp3
C1CCN(CC1)S(=O)(=O)C2=C(C=CC(=C2)NC(=O)C3=CC=NC=C3)Cl,nsp3
C1=CC=C(C(=C1)/C=C/C(=O)C2=C(C(=O)C=CC=C2)O)Cl,nsp3
CC(C)COC1=CC=CC(=C1)C(=O)N(C)CC(=O)NC2=CC=CC3=CC=CC=C32,nsp3
CC1=CC(=CC=C1)OC2=CC=CC=C2NS(=O)(=O)C3=CC=C(C=C3)CCC(=O)O,nsp3
C1CN(CCC1C(=O)N)C(=O)C2=CC3=C(C(=C2)Cl)OCCO3,nsp3
CCN(CC)C(=O)C1=CC(=CC=C1)NC(=O)C2=COCCO2,nsp3
CC1=C(C(=NN1C)C)/C=C\2/CC3C4CC=C5CC(CCC5(C4CCC3(C2=O)C)C)O,nsp3
CC1=C(C(=O)C=CN1CC2=CC=CC=C2)O,nsp3
CCCC1CC(OC1=O)CSC(=N)N.Br,nsp3
CC1CCN(CC1)C2=[N+](N(N=C2[N+](=O)[O-])C3=CC4=C(C=C3)OCCO4)[O-],nsp3
CCOC1=CC=C(C=C1)NC(=O)CCCOC2=CC(=O)N(C3=CC=CC=C32)C,nsp3
CCCCNC(=O)C1CCN(CC1)S(=O)(=O)C2=C(ON=C2C)/C=C\C3=CC=C(C=C3)OC,nsp3
CC(C)NC(=O)CN1C(=O)C(NC1=O)CCC2=CC=CC=C2,nsp3
C/C(=N\NC(=S)N)/CC1CC2=C(CC1(C)C)C(CCC2)(C)C,nsp3
CC1=C(C(CCC1)(C)C)CC/C(=N/NC(=S)N)/C,nsp3
C1=CC=NC(=C1)/C=N/NC(=S)NC2=CC=CC(=C2)C(=O)O,nsp3
CCOC1=CC=C(C=C1)/C=N/NC(=S)N,nsp3
C1=CC=C(C=C1)NC(=S)N/N=C/C2=CC=C(O2)C3=CC(=CC=C3)[N+](=O)[O-],nsp3
C1=CC=C2C(=C1)C(=NS2(=O)=O)N/N=C/C3=CC=CC=N3,nsp3
C1COCCN1C2=NC=NC(=C2)N/N=C/C3=CC(=CC=C3)F,nsp3
C1COC2=C(O1)C=CC(=C2)/C=N/NC(=S)N,nsp3
C/C(=N\NC(=O)C1=CC2=CC=CC=C2C=C1O)/CC(=O)N3CCN(CC3)C=O,nsp3
CC(=O)NC1=CC=C(C=C1)S(=O)(=O)N(CCC2=CC=CC=C2)CC(=O)N/N=C/C3=CC(=C(C=C3)OC)OC,nsp3
C/C(=N\NC(=S)NCCOC)/C1=CC2=C(C=C1)C=C(C=C2)OC,nsp3
CC(C)/C=N/NC(=O)C1=C(C=CC(=C1)Br)O,nsp3
C/C(=N\NC(=S)N)/C1(CCCCC1)C,nsp3
CC1=CC=C(S1)/C=N/NC2=NC3=CC=CC=C3N2,nsp3
CC(=C)CNC(=S)N/N=C(\C)/C1=CC=C(S1)Cl,nsp3
C/C(=N\NC(=S)NC1CCCCC1)/C2=CC=C(C=C2)C#N,nsp3
C/C(=N\NC(=S)NCCOC)/C1=CC=C(C=C1)OC,nsp3
COC1=C(C=C(C=C1)/C=N/NC(=O)C2=CC(=C(C(=C2)O)O)O)CN3C=C(C=N3)[N+](=O)[O-],nsp3
C/C(=N\NC(=S)NC1CCCCC1)/C2=CC=CC=C2,nsp3
CC1=NC(=C(O1)N/N=C/C2=C(C=CC=C2Cl)F)C#N,nsp3
CCC(=O)N(C)CCC1=CC2=C(C(=C1/C=N/NC(=O)C3=CC=CC=C3O)OC)OCO2,nsp3
CN1C=CC=C1/C=N/NC(=S)N,nsp3
CCCCCC(=O)N/N=C(\C)/C1=CC=C(C=C1)N2CCCCC2,nsp3
CC1(C2CC=C(C1C2)/C=N/NC(=S)NC)C,nsp3
CCNC(=S)N/N=C(\C)/C1=CC=C(S1)Cl,nsp3
C1=CC=C(C(=C1)/C=N/NC(=O)C2=CC(=NC3=CC=CC=C32)C4=CC=NC=C4)OC(F)F,nsp3
C/C(=N\NC(=S)NC)/C1=CC2=C(C=C1)OCCO2,nsp3
CC(C)NC(=S)N/N=C/C1=CC2=C(C=C1)OCCO2,nsp3
CC1=CC=C(C=C1)NCCCC(=O)N/N=C(\C)/C2=CC=CC=N2,nsp3
C/C(=N\NC(=O)C1=NC=CN=C1)/CC(=O)NC2CCCCCC2,nsp3
C1=CC=C2C(=C1)C=NN=C2N/N=C/C3=CC=CC=N3,nsp3
CC1=CC=C(C=C1)N=C2C(=S)N(C(=N)N2/N=C/C3=CC=C(C=C3)Cl)C4=CC=C(C=C4)C,nsp3
CC1=NN(C(=O)C1C2=CC=CC=C2)C3=CC=CC=C3,nsp3
CN(C)C(CC1=CC=CC=C1)C(=O)C2=CC=C(C=C2)C3=CC=CC=C3.Cl,nsp3
CC1(C2CCC1(C(=O)N(C2=O)CSC(=S)N/N=C\C3=CC=C(C=C3)N(C)C)C)C,nsp3
CCCNC(=O)C1=CC=C(C=C1)CN2C(=O)C3=C(C4=C(N3)C=CC(=C4)OC)NC2=S,nsp3
CC1=CC=CC=C1C(=O)ON2C(=NC3=CC=CC=C3C2=O)C4=CC(=CC(=C4)OC)OC,nsp3
CCOC1=CC=C(C=C1)C(=O)CC(=O)C(=O)NCCC2=CC(=C(C=C2)OC)OC,nsp3
CC1=CC(=CC=C1)CCNC(=O)C(=O)CC(=O)C2=CC=C(C=C2)OC,nsp3
CC1=CC=C(C=C1)C(=O)NC(=S)NC2=C(C=CC3=NSN=C32)C,nsp3
C1=CC=C2C(=C1)N(C(=O)/C(=C\C3=CC=C(C=C3)C(F)(F)F)/S2)CC(=O)NCC4=CC=CO4,nsp3
CC1CC(CCO1)C2=NC(=CS2)C3=CC=CC=C3.Cl,nsp3
CC1=CC=C(C=C1)C#CC[N+]2(CCCCC2)CC#C.[Br-],nsp3
CCCCCCCCCC[N+](C)(C)CC#C.[Br-],nsp3
CCN(CC1=CC=CC=C1)S(=O)(=O)C2=CC=C(C=C2)C(=O)N3CCN(CC3)C4=NC5=CC=CC=C5S4,nsp3
CC1CCCN(C1)S(=O)(=O)C2=CC=C(C=C2)C(=O)NNC3=NC4=C(C=CC=C4S3)C,nsp3
CCOC(=O)N1CCN(CC1)S(=O)(=O)C2=CC=C(C=C2)C(=O)NNC3=NC4=CC(=CC(=C4S3)C)C,nsp3
COC1=C(C=C(C=C1)NC(=O)CSC2=NN=C(C=C2)C3=CC=CC=N3)OC,nsp3
CC1CC(CN(C1)S(=O)(=O)C2=CC=C(C=C2)C(=O)NNC3=NC4=C(C=CC=C4S3)C)C,nsp3
CC1=CC(=C2C(=C1)SC(=N2)NNC(=O)C3=CC=C(C=C3)S(=O)(=O)N4CCC5=CC=CC=C5C4)C,nsp3
CCOC(=O)N1CCN(CC1)S(=O)(=O)C2=CC=C(C=C2)C(=O)NNC3=NC4=C(S3)C=C(C=C4)Cl,nsp3
CC1=CC2=C(C=C1)N=C(S2)NNC(=O)C3=CC=C(C=C3)S(=O)(=O)N4CCC5=CC=CC=C5C4,nsp3
CCOC1=CC=C(C=C1)NC(=O)CSC2=NN=C(C=C2)C3=CC=CC=N3,nsp3
CCOC(=O)N1CCN(CC1)S(=O)(=O)C2=CC=C(C=C2)C(=O)NNC3=NC4=C(C=CC=C4S3)C,nsp3
CC(=O)OC1=CC=C(C=C1)C(=O)[C@H]2[C@@H]3[C@H]([C@H]4N2N=CC=C4)C(=O)N(C3=O)C5=CC6=CC=CC=C6C=C5,nsp3
CC1=CC(=C2C(=C1)N=C(S2)NNC(=O)C3=CC=C(C=C3)S(=O)(=O)N4CCC5=CC=CC=C5C4)C,nsp3
CC1=C2C(=CC=C1)SC(=N2)NNC(=O)C3=CC=C(C=C3)S(=O)(=O)N4CCC5=CC=CC=C5C4,nsp3
CC(C)[C@@H](C(=O)OCC(=O)NC1=CC(=CC=C1)F)NC(=O)C2=CC(=CC(=C2)OC)OC,nsp3
COC1=CC=C(C=C1)C2=CC(=NN2)N3C(=O)NC4=CC=CC=C4N3O,nsp3
C1C2[C@H]([C@H]([C@H]([C@@H](O2)OC(=O)C3=CC(=C(C(=C3)O)O)O)O)OC(=O)C4=CC(=C(C(=C4C5=C(C(=C(C=C5C(=O)O1)O)O)O)O)O)O)O,nsp3
C1=C(C=C(C(=C1O)O)O)C(=O)OCC2[C@H]([C@@H]([C@@H]([C@@H](O2)OC(=O)C3=CC(=C(C(=C3)O)O)O)OC(=O)C4=CC(=C(C(=C4)O)O)O)OC(=O)C5=CC(=C(C(=C5)O)O)O)OC(=O)C6=CC(=C(C(=C6)O)O)O,nsp3
CC1CCCCC1NC(=O)NC(=O)CCl.Cl,nsp3
CCN(CC)S(=O)(=O)C1=CC=CC(=C1)NC(=O)/C=C/C2=CC(=CC=C2)[N+](=O)[O-],nsp3
CN1C2=C(C=C(C=C2)S(=O)(=O)N(C)CC(=O)NCC3=CC(=CC=C3)OC)C(=O)N(C1=O)C,nsp3
CC1=CC(=O)N2C(=N1)SC(=N2)N3CCC(CC3)C(=O)NCC4=CC=CC=C4F,nsp3
CC1=CC(=CC=C1)C2=NN([C@H]([C@@H]2C3=CC=CC=C3)C(=O)N4CCOC4=O)C5=CC=C(C=C5)Br,nsp3
CC1=CC(=CC=C1)C2=NN([C@H]([C@@H]2C3=CC=CC=C3OC)C(=O)N4CCOC4=O)C5=CC=C(C=C5)Br,nsp3
C1COC(=O)N1C(=O)[C@H]2[C@@H](C(=NN2C3=CC=CC=C3)C4=CC(=CC=C4)Cl)C5=CC=CC=C5,nsp3
COC1=CC=C(C=C1)C(=O)CC(=O)C(=O)NC2=CC(=C(C=C2OC)OC)Cl,nsp3
CC1=CC=C(C=C1)S(=O)(=O)NC2=C3C=CC=NC3=C(C=C2)O.Cl,nsp3
CC(=O)C1=CC=C(C=C1)OCCCC(=O)NC2=CC=C(C=C2)S(=O)(=O)N3CCOCC3,nsp3
CC1=C(C=C(C=C1)Br)S(=O)(=O)OC2=C(C=C(C=C2)/C=C/C(=O)O)OC,nsp3
C1[C@H]2C(=O)N(C(=O)N2CC3=CC=CC=C31)CCC(=O)N[C@@H](CC4=CC=CC=C4)C(=O)O,nsp3
C1=C(C=C(C(=C1O)O)O)C(=O)OCC2[C@@H]3[C@@H]([C@@H]([C@@H](O2)OC(=O)C4=CC(=C(C(=C4)O)O)O)OC(=O)C5=CC(=C(C6=C5[C@H]([C@@H](C(=O)O3)CC(=O)O)[C@@H](C(=O)O6)O)O)O)OC(=O)C7=CC(=C(C(=C7)O)O)O,nsp3
CCCNC(=O)C1=CC2=C(C=C1)C(=O)C(=C(N2)C3=CC=C(C=C3)F)O,nsp3
C1=CC(=CC=C1C[C@H](C(=O)O)NS(=O)(=O)C2=CC=C(C=C2)C(=O)O)[N+](=O)[O-],nsp3
C1=CC(=CC=C1C[C@H](C(=O)O)NS(=O)(=O)C2=CC=C(C=C2)C(=O)O)C(F)(F)F,nsp3
COC1=C(C=C(C=C1)CCNC(=O)C(=O)NCC2N(CCO2)S(=O)(=O)C3=CC=CC=C3)OC,nsp3
CN(CC1CCCO1)S(=O)(=O)C2=CC=C(C=C2)C(=O)NC3=CC=C(C=C3)S(=O)(=O)N,nsp3
CC1=C(C=C(C=C1)[N+](=O)[O-])S(=O)(=O)NC2=CC=CC(=C2)C3=NN=C(C=C3)N4CCCC4,nsp3
CCOC1=CC=C(C=C1)CNC(=O)C2CCN(CC2)S(=O)(=O)C3=CC4=C(C=C3)NC(=O)CCC4,nsp3
CC1=CC2=C(C=C1S(=O)(=O)N3CCN(CC3)C4=CC=C(C=C4)Cl)OCCN2C,nsp3
COC1=C(C=C(C=C1)NC(=O)CCS(=O)(=O)C2=C(C=C3C(=C2)OCC(=O)N3)Cl)OC,nsp3
CC1(C\2(CCC1(C/C2=N\O)C(=O)[O-])C)C.[Na+],nsp3
CC1(CC(=NO1)C2=CC=C(C=C2)OC(F)(F)F)C3=NN=C(O3)CC4=CC=CC=C4,nsp3
CC1=C(SN=N1)C(=O)N2CCCC(C2)N3CCN(CC3)C4=CC=C(C=C4)F,nsp3
CC1=C(C(=CC=C1)N2CCN(CC2)C(=O)C3CCC(=O)N(C3)C4CC4)C,nsp3
CN(C1CCCN(C1)CC2=CC=CC=C2F)C(=O)C3=CC=CC=C3C4=NC=CN4,nsp3
C1CCN(CC1)C(=O)CC2=NN3C(=C(C(=O)N=C3S2)/C=C\4/C=CC(=O)C(=C4)O)N,nsp3
C1=CC2=C(C=C1C(=O)NCCO)NC(=C(C2=O)O)C3=CC(=C(C(=C3)Cl)N)Cl,nsp3
C1=CC(=CC=C1C(=O)NCCC(=O)NNC(=O)C2=CC=NC=C2)[N+](=O)[O-],nsp3
COC1=CC(=CC(=C1OC)OC)C(=O)NC2=NN=C(S2)SCC(=O)NCC3CCCO3,nsp3
C1COCCN1S(=O)(=O)C2=CC=CC(=C2)C(=O)NNC(=O)C3=C(C=CC(=C3)Cl)O,nsp3
CC1=C(C(=CC=C1)C)NC(=O)CN(C)C(=O)C2=CC=CC=C2SCC(=O)N3CCCC3,nsp3
CC(C)C[C@H]1CN=C(N1CCCCC2=CC=CC=C2)N(C)C,nsp3
CC1=CC2=C(S1)C3=C(N2C)C(=O)N(N=C3C)CC4=CC=CC=C4F,nsp3
CC1=CC(=CC=C1)C2=CC3=C(C=C2)N=CN=C3NCC4=CC=CS4,nsp3
CC1=CC(=CC=C1)C2=CC3=C(C=C2)N=CN=C3NCC4=CN=CC=C4,nsp3
CC1=CSC(=C1)CNC2=NC=NC3=C2C=C(C=C3)C4=CC(=CC=C4)OC,nsp3
CN(C)C1CCN(C1)CC2=CC(=C3C=CC=NC3=C2O)COCC4=CC=CC=C4,nsp3
C1CCN(C1)C2=C(C(=O)OC2)C(=O)NS(=O)(=O)N3CCOCC3,nsp3
C1CCC(CC1)(C2=CC3=CC=CC=C3C(=O)O2)OC(=O)C4=CC=CO4,nsp3
CC1=CC=C(C=C1)NC(=O)C2=C(NC=N2)C(=O)NCCCCCCNC(=O)C3=C(N=CN3)C(=O)NC4=CC=C(C=C4)C,nsp3
CCOC(=O)[C@H]1[C@H]2COC3=C([C@@H]2N4[C@]1(C(=O)N(CC4=O)CC5=CC=CC=C5)C)C=C(C=C3)Cl,nsp3
CC1=CC=C(C=C1)CN2CC(=O)N3[C@@H]4[C@H](COC5=C4C=CC(=C5)OC)[C@@H]([C@@]3(C2=O)C)C6=CC=CC=C6,nsp3
CC(C)(C)OC(=O)C[C@H]1C/C=C\C[C@H](C(=O)NC[C@@H](OC1=O)C2=CC=CC=C2)CC(=O)N[C@H](CC3=CC=CC=C3)CO,nsp3
C[C@@H]1CN(C(=O)C2=C(C=CC(=C2)NC(=O)NC3=CC=CC4=CC=CC=C43)O[C@H]1CN(C)S(=O)(=O)C5=CC=C(C=C5)C)[C@H](C)CO,nsp3
C[C@H]1CN(C(=O)C2=C(C(=CC=C2)NS(=O)(=O)C3=CC=CC=C3)O[C@@H]1CNC)[C@H](C)CO,nsp3
C[C@H]1CN(C(=O)C2=C(C(=CC=C2)NC(=O)NC3=CC4=C(C=C3)OCO4)O[C@@H]1CN(C)CC5=CC=C(C=C5)C6=CC=CC=C6)[C@H](C)CO,nsp3
C[C@H]1CN(C(=O)C2=C(C(=CC=C2)NC(=O)CC3=CC=CC=C3)O[C@@H]1CN(C)CC4=CC=C(C=C4)C(=O)O)[C@H](C)CO,nsp3
C[C@@H]1CN(C(=O)CC2=C(C=CC(=C2)NC(=O)NC3=C(ON=C3C)C)O[C@H]1CNC)[C@H](C)CO,nsp3
COC1=CC=CC(=C1)C2=CC3=C(C=C2)N=CN=C3NCC4=CC(=CC=C4)F,nsp3
CN1C2=C(C3=C1C(=O)N(N=C3)CC4=CC=C(C=C4)F)SC(=C2)C#N,nsp3
C1=CC=C(C=C1)COCC2=C3C=CC=NC3=C(C(=C2)CNC4=CC=CC=C4)O,nsp3
CC(CNC(=O)CN1C=NC2=C(N=CN=C21)NCC3=CC=CC=C3)C4=CC=CC=C4,nsp3
CC[C@@]1([C@@H]2[C@H]([C@@H]3N1C(=NC)N(C3)CC)C(=O)N(C2=O)C)C(=O)OC.C(=O)(C(F)(F)F)O,nsp3
CC/C(=N\NC(=S)N)/CC(C1=CC=CC=C1)C2=C(C3=CC=CC=C3OC2=O)O,nsp3
C/C(=N\NC(=S)N)/CC(C1=CC=CC=C1)C2=C(C3=CC=CC=C3OC2=O)O,nsp3
CN1C2=CC=CC=C2C(=C(C1=O)CC3=CC=CC=C3)O,nsp3
CC1=C(C2=C(NC1=O)N=CC=C2)O,nsp3
C1CCC(=CC1)CCN2C(=C(C(=O)NC2=O)/C=N/NC(=O)C3=CC=CC=C3)O,nsp3
C1=CC=C2C(=C1)C=CC(=C2/C=N\NC(=O)C3=CC=C(C=C3)O)O,nsp3
CCN(CC)S(=O)(=O)C1=CN=C(C=C1)N/N=C/C2=C(C=C(C=C2)O)O,nsp3
CC1=CC(=NC(=N1)SCC2=CC=C(C=C2)C(=O)N/N=C/C3=C(C(=CC=C3)O)O)C,nsp3
CCN(CC)S(=O)(=O)C1=CN=C(C=C1)N/N=C/C2=C(C(=CC=C2)OCC)O,nsp3
CCN(CC)S(=O)(=O)C1=CC=CC(=C1)C(=O)N/N=C/C2=C(C(=C(C=C2)O)O)O,nsp3
CC1=CC(=C(C=C1)C(C)C)OCC2=CC=C(C=C2)C(=O)N/N=C/C3=C(C(=CC=C3)O)O,nsp3
CCN(CC)C1=CC(=C(C=C1)/C=N/NC2=NC(=CC(=N2)C)C)O,nsp3
COC1=CC=CC=C1N(CC(=O)N/N=C/C2=C(C=CC3=CC=CC=C32)O)S(=O)(=O)C,nsp3
CC1=CC=CC=C1SCC(=O)N/N=C/C2=C(C(=CC=C2)OC)O,nsp3
CC1=C(C(=O)N(N1)C2=CC=CC=C2)/C=N/NC(=O)C3=C(OC=C3)C,nsp3
C1=CC=C2C(=C1)C=CC(=C2/C=N/NC3=NC(=CC(=N3)Cl)N)O,nsp3
CC1=CC(=C(C=C1)O)N=NC2=C(CC(CC2=O)(C)C)O,nsp3
CCN(CC)C1=CC(=C(C=C1)/C=N/NC(=O)CCC(=O)NCC2=CC=CC=C2)O,nsp3
CC1(CC(=C(C(=O)C1)C=NC2=CC=C(C=C2)OC)O)C,nsp3
CC1=NN=C(C(=O)N1/N=C/C2=C(C=CC3=CC=CC=C32)O)C4=CC=CC=C4,nsp3
CC1=C(C(=O)N(N1)C2=CC=CC=C2)/C(=N/NC(=O)C3=CC=CC=C3)/C,nsp3
CC(C)(C)C1=NN=C(N(C1=O)/N=C/C2=CC(=C(C=C2)O)OC)SC,nsp3
COC1=CC=CC(=C1O)/C=N/NC(=O)C(=O)NC2=CC=CC=C2OC(C(F)F)(F)F,nsp3
C1=CC=C(C(=C1)NC(=O)C(=O)N/N=C/C2=C(C=CC(=C2)Cl)O)OC(C(F)F)(F)F,nsp3
C1CCC(=CC1)CCN2C(=C(C(=O)NC2=S)/C=N/NC(=O)C3=CC=CC=C3)O,nsp3
C1=CC=C(C(=C1)C(=O)N/N=C/C2=C(N(C(=O)NC2=O)CC3=CC=C(C=C3)F)O)O,nsp3
COC1=NC=NC(=C1)N/N=C/C2=CC=CC=C2O,nsp3
CC1=CSC(=N1)N/N=C/C2=CC(=C(C=C2)O)[N+](=O)[O-],nsp3
COC1=CC=CC(=C1O)/C=N/NC(=O)C2=NC(=CC(=N2)C3=CC=CC=C3)C4=CC=CC=C4,nsp3
C1=CC=C(C=C1)P(=O)(CC(=O)N/N=C/C2=C(C(=CC(=C2)Br)Br)O)C3=CC=CC=C3,nsp3
C1CCN(CC1)S(=O)(=O)C2=CC=C(C=C2)C(=O)N/N=C\C3=C(C=CC4=CC=CC=C43)O,nsp3
CC1=C(C(=O)N(N1)C2=CC=CC=C2)/C=N\NC(=O)C3COC4=CC=CC=C4O3,nsp3
C1=CC=C(C=C1)C(=O)N/N=C/C2=C(C3=CC=CC=C3S2)O,nsp3
CC1=CC=C(C=C1)NCCCC(=O)N/N=C/C2=CC=CC(=C2O)CC=C,nsp3
C1C(OC2=CC=CC=C2O1)C(=O)N/N=C\C3=C(C(=CC=C3)[N+](=O)[O-])O,nsp3
COC(=O)C1=C2C(=NC\3=C(N2)C(=O)C=C(/C3=C\O)O)C(=O)C=C1,nsp3
CC1=NN=C(NC1=O)SCC(=O)NNC(=O)C(C)C,nsp3
CCC(C)N1C(=C(C(=O)NC1=S)/C=N/NC(=O)C2=CC=NC=C2)O,nsp3
C1=CC=C(C=C1)C(=O)N/C(=C/C2=CC=CS2)/C(=O)N/N=C/C3=C(C(=CC(=C3)[N+](=O)[O-])[N+](=O)[O-])O,nsp3
C1CC1N2C(=C(C(=O)NC2=S)/C=N/NC(=O)C3=CC=CC=C3O)O,nsp3
C1=CC=C2C(=C1)C=CC(=C2/C=N/NC(=O)C3=C[N+](=CC=C3)CCO)O.[Cl-],nsp3
COC1=CC(=CC(=C1O)/C=N/NC(=O)CC#N)[N+](=O)[O-],nsp3
C1=CC(=CC(=C1)Br)C(=O)NCC(=O)N/N=C/C2=C(C(=CC(=C2)Br)Br)O,nsp3
C1=CC=C2C(=C1)C(=C(N(C2=O)C3=CC=CC=C3Cl)O)/C=N/NC(=O)C4=CN=CC=C4,nsp3
CCCOC1=CC(=C(C=C1)/C=N/NC2=CC(=NC=N2)N3CCOCC3)O,nsp3
COC1=C(C=CC(=C1)/C=N/NC(=O)C2=NC=CN=C2)O,nsp3
CC1=CC(=CC=C1)N=C2NC(=O)/C(=C/C3=CN(C4=CC=CC=C43)C)/S2,nsp3
CCC1(C(=NC2=CC=C(C=C2)OC)NC(=O)N(C1=O)C)CC,nsp3
C1=CC=C(C=C1)C(=O)N/C(=C\C2=CC=C(C=C2)[N+](=O)[O-])/C(=O)N/N=C/C3=C(C(=C(C=C3)O)O)O,nsp3
C1CC2C=CC1C3C2C(=O)N(C3=O)/N=C/C4=CC=CC=C4O,nsp3
C1=CC=C(C=C1)CN2C(=C(C(=O)NC2=O)/C=N/NC(=O)C3=CC=CC=C3O)O,nsp3
C1=CC(=C(C=C1Br)/C=N/NC(=O)C2=NON=C2N)O.Cl,nsp3
COC1=CC=CC(=C1O)/C=N/NC(=O)C(=O)N/N=C/C2=C(C(=CC=C2)OC)O,nsp3
CC1=NC(=CC=C1)N2C(=C(C3=CC=CC=C3C2=O)/C=N/NC(=O)C4=CC=CC=C4Cl)O,nsp3
C1=CC=C2C(=C1)C(=C(N(C2=O)C3=NC=C(C=C3)Cl)O)/C=N/NC(=O)C4=CC=NC=C4,nsp3
CC1=C(C(=O)N(N1)C2=CC=CC3=CC=CC=C32)/C=N/NC(=O)C4=CC(=CC=C4)[N+](=O)[O-],nsp3
CC1=CC(=C(N1CC2=CC=CO2)C)C3=NNC(=NC4CC4)SC3,nsp3
C1=CC=C(C=C1)CCN2C(=C(C(=O)NC2=O)/C=N/NC(=O)C3=CC=CC=C3O)O,nsp3
COC1=CC=C(C=C1)CN2C(=C(C(=O)NC2=O)/C=N/NC(=O)C3=CC=CC=C3O)O,nsp3
COC1=CC=C(C=C1)CN2C(=C(C(=O)NC2=O)/C=N/NC(=O)C3=CC=CC=C3)O,nsp3
CC1=C(C=C(C=C1)N2C(=O)C(=C(N2)C)/C=N/NC(=O)C3=CC(=CC=C3)[N+](=O)[O-])C,nsp3
CC1=CC=CC=C1C(=O)NC2=CC=CC(=C2)C(=O)N/N=C/C3=C(C(=CC(=C3)Cl)[N+](=O)[O-])O,nsp3
CC1=CC(=C(C=C1)O)/C=N/NC(=O)C2=NNC(C2)(C3=CC=CC=C3)C4=CC=CC=C4,nsp3
CC1=CC(=C(C=C1)/C=N/NC(=O)C2=NNC(C2)(C3=CC=CC=C3)C4=CC=CC=C4)O,nsp3
C=CCC1=C(C(=CC=C1)/C=N/NC(=O)C2=CC(=NN2CC3=CC=CC=C3)[N+](=O)[O-])O,nsp3
C1C2CC3CC1CC(C2)C3C4=NC5=CC=CC=C5C(=O)N4,nsp3
COC1=CC(=C(C=C1)/C=N/NC(=O)C2=NN(C(=N2)C3=CC=CC=C3)C4=CC=CC=C4)O,nsp3
CCOC(=O)C1=CC=C(C=C1)N2C(=C(C3=CC=CC=C3C2=O)/C=N/NC(=O)C4COC5=CC=CC=C5O4)O,nsp3
C1CC2=CC=CC=C2N(C1)CC(=O)N/N=C/C3=C(C=CC4=CC=CC=C43)O,nsp3
CCN(CC)C1=CC(=C(C=C1)/C=N/NC2=NC3=CC=CC=C3N2)O,nsp3
CCN(CC)C1=CC(=C(C=C1)/C=N/NC(=O)CC2=CC=CS2)O,nsp3
C1C(CN(C1=O)CC(=O)N/N=C/C2=C(C=CC(=C2)Br)O)C3=CC=CC=C3,nsp3
C1=CC=C2C(=C1)NC(=N2)N/N=C/C3=CC(=C(C=C3O)O)[N+](=O)[O-],nsp3
CC(C(=O)N/N=C/C1=C(C(=CC(=C1)[N+](=O)[O-])OC)O)NC2=CC=CC3=CC=CC=C32,nsp3
C1=CC=C2C(=C1)NC(=N2)N/N=C/C3=C(C=CC(=C3)[N+](=O)[O-])O,nsp3
CC1=CC(=NN1)C(=O)N/N=C/C2=C(C=CC(=C2)N=NC3=CC=CC=C3)O,nsp3
C1CC2=CC(=C(C3=C2N(C1)CCC3)O)/C=N/NC(=O)C4=CC=CC=C4O,nsp3
C1=CC=C(C=C1)C2=NC3=CC=CC=C3C(=C2)C(=O)N/N=C/C4=C(C=CC(=C4)[N+](=O)[O-])O,nsp3
CN1C=CC=C1C2=NNC(=C2)C(=O)N/N=C/C3=C(C(=CC=C3)OC)O,nsp3
CC(C)(C)C1=NN(C(=C1)C(=O)N/N=C/C2=CC=CC=C2O)C3=CC=CC=C3,nsp3
C1CCC2(C1)CC3=CC=CC=C3/C(=C/C(=O)C(=O)N/N=C/C4=CC=CC=C4O)/N2,nsp3
CC1=CC(=CC(=C1O)/C=N/NC(=O)C2=NNC(=C2)C)[N+](=O)[O-],nsp3
CC1=CC=CC=C1OCC2=NC3=CC=CC=C3C(=O)N2/N=C/C4=C(C(=CC(=C4)C)[N+](=O)[O-])O,nsp3
CC1=C(SC2=NC=NC(=C12)N/N=C/C3=CC=CC=C3O)C,nsp3
C1=CC(=C(C=C1O)O)/C=N/NC2=NC=CN=C2Cl,nsp3
C1=CC=C2C(=C1)C=CC(=C2/C=N/NC3=NC4=CC=CC=C4C(=O)N3O)O,nsp3
CC1=CC(=C(C=C1Br)C)SCC(=O)N/N=C/C2=C(C=C(C=C2)O)O,nsp3
CC1=CC=CC=C1N=NC2=C3C=CC=NC3=C(C=C2)O,nsp3
CC1=NC2=CC=CC=C2C(=C1)C(=O)N/N=C/C3=C(C(=CC(=C3)Br)[N+](=O)[O-])O,nsp3
COC1=CC2=C(C=C1)C=C(C=C2)C(=O)N/N=C/C3=C(C4=CC=CC=C4S3)O,nsp3
CC1=CC=CC=C1NC(C)C(=O)N/N=C/C2=C(C(=CC(=C2)[N+](=O)[O-])OC)O,nsp3
CC1=NC2=CC=CC=C2C(=C1)C(=O)N/N=C/C3=C(C(=CC(=C3)Cl)[N+](=O)[O-])O,nsp3
C1=CC=C2C(=C1)C=CC(=C2/C=N/NC(=O)C3=CC(=CC=C3)C(F)(F)F)O,nsp3
COC1=CC=C(C=C1)C(=O)N/N=C/C2=C(C3=CC=CC=C3S2)O,nsp3
C1=CC=C2C(=C1)C=CC=C2C(=O)N/N=C/C3=C(C4=CC=CC=C4S3)O,nsp3
CC1=NC2=CC=CC=C2C(=C1)C(=O)N/N=C/C3=C(C=CC(=C3)[N+](=O)[O-])O,nsp3
COC1=C(C=C(C=C1)CC2=NN=C(NC2=O)N/N=C/C3=C(C=C(C=C3)O)O)OC,nsp3
CC1=CC(=C(C(=C1)[N+](=O)[O-])O)/C=N/N2C(=NC3=CC=CC=C3C2=O)COC4=CC=CC=C4,nsp3
CC1=C(C(=O)N(N1)C2=CC=CC=C2)/C=N/NC(=O)COC3=CC=CC=C3[N+](=O)[O-],nsp3
CC1=CC(=NN1CC2=CC=C(C=C2)C(=O)N/N=C/C3=C(C=C(C=C3)O)O)[N+](=O)[O-],nsp3
CC1=C(C(=NN1C(C)C(=O)N/N=C/C2=C(C(=CC=C2)OC)O)C)[N+](=O)[O-],nsp3
C1=CC=C(C=C1)C2=C(N(C=N2)CCC(=O)N/N=C/C3=CC=CC=C3O)C4=CC=CC=C4,nsp3
CC(=C)CN1C(=O)C2=CC=CC=C2N=C1SCC(=O)N/N=C/C3=C(C=CC4=CC=CC=C43)O,nsp3
CC(C)(C)C1=NN=C(N(C1=O)N)N/N=C/C2=CC=CC=C2O,nsp3
C1CN(CCN1CCC(=O)N/N=C/C2=C(C=C(C=C2)O)O)C(C3=CC=CC=C3)C4=CC=CC=C4,nsp3
CCNC1=NC(=NC(=N1)N/N=C/C2=CC(=C(C=C2)O)O)NCC,nsp3
C1COCCN1C2=NC(=CS2)CC(=O)N/N=C/C3=C(C(=C(C=C3)O)O)O,nsp3
CCN(CC)S(=O)(=O)C1=CC=CC(=C1)C(=O)N/N=C(\C)/C2=C(C=C(C=C2)O)O,nsp3
CC1=C(SN=N1)C(=O)N/N=C/C2=C(C3=CC=CC=C3C=C2)O,nsp3
CC1=CC(=C(C=C1)OCC(=O)N/N=C\C2=C(NN(C2=O)C3=CC=CC=C3)C)[N+](=O)[O-],nsp3
CCN(CC)C1=CC(=C(C=C1)/C=N/NC(=O)C2=CC(=CC=C2)S(=O)(=O)NC3=CC=CC=C3OC)O,nsp3
CC1=NC=C(C(=C1O)/C=N/NC(=S)NC2=CC=C(C=C2)F)CO,nsp3
C/C(=N\NC(=O)C1=CC(=NC2=CC=CC=C21)C3=CN=CC=C3)/C4=CC=CC=C4O,nsp3
COC1=CC=CC(=C1O)/C=N/NC(=O)C2=C3CCC4=CC=CC=C4C3=NN2,nsp3
CCCOC1=CC(=C(C=C1)/C=N/NC(=S)NC2=CC=CC=C2[N+](=O)[O-])O,nsp3
C1=CC=C(C=C1)OCC2=NC3=CC=CC=C3C(=O)N2/N=C/C4=C(C=CC(=C4)[N+](=O)[O-])O,nsp3
C1CSC(=N1)SCC2=C(N=NN2C3=NON=C3N)C(=O)N/N=C/C4=C(C=CC(=C4)Br)O,nsp3
CC1=NC=C(C=C1)C(=O)N/N=C/C2=C(C(=CC(=C2)[N+](=O)[O-])OC)O,nsp3
C1=CC=C(C=C1)C(=O)N/C(=C/C2=CC=CS2)/C(=O)N/N=C/C3=C(C=CC(=C3)[N+](=O)[O-])O,nsp3
COC1=CC=CC(=C1O)/C=N/NC2=C(C(=NC=N2)Cl)N,nsp3
C1C(OC2=CC=CC=C2O1)C(=O)N/N=C/C3=C(N(C(=O)C4=CC=CC=C43)C5=CC=CC=C5Cl)O,nsp3
CC1=CC(=C(C=C1)C(C)C)OCC2=CC=C(C=C2)C(=O)N/N=C/C3=C(C=C(C=C3)O)O,nsp3
CCOC1=CC=C(C=C1)N2C(=C(C3=CC=CC=C3C2=O)/C=N/NC(=O)C4COC5=CC=CC=C5O4)O,nsp3
CC(C)NC(=S)N/N=C/C1=C(C=CC(=C1)Br)O,nsp3
CCN(CC)C1=CC(=C(C=C1)/C=N/NC2=NC(=CC(=O)N2)C)O,nsp3
CCN(CC)C1=CC(=C(C=C1)/C=N/NC(=S)NCC2=CC=CC=C2)O,nsp3
CCN(CC)C1=CC(=C(C=C1)/C=N/NC(=O)C2=CC3=C(C=C2)N=CN3)O,nsp3
C1=CC=C(C=C1)N2C(=O)C3=CC=CC=C3[Se]2,nsp5
C1=CC(=CC=C1C2=CC(=O)C3=C(O2)C(=C(C=C3O)O)C4=C(C=CC(=C4)C5=CC(=O)C6=C(C=C(C=C6O5)O)O)O)O,nsp5
COC1=C(C=C(C=C1)C2CC(=O)C3=C(C=C(C=C3O2)O)O)O,nsp5
CC1C(C(C(C(O1)OCC2C(C(C(C(O2)OC3=C(C(=C4C(=C3)OC(=CC4=O)C5=CC=C(C=C5)OC)O)OC)O)O)O)O)O)O,nsp5
C1=CC=C(C=C1)C2=CC(=O)C3=C(O2)C=C(C(=C3O)O)O,nsp5
C1=C(C=C(C=C1O)OC2=C(C=C(C3=C2OC4=C(C=C(C=C4O3)OC5=C(C=C(C=C5O)OC6=C(C=C(C7=C6OC8=C(C=C(C=C8O7)O)O)O)O)O)O)O)O)O,nsp5
S=C1N(C(CSC2=CC=CC=C2[N+]([O-])=O)=NN1)CC=C,nsp13
C1=COC(=C1)C=CC(=O)NC2=CC=C(C=C2)S(=O)(=O)N,nsp13
C1=CC(=CC=C1C(=O)OC2=CC3=C(C=C2)C=C(C=C3)C(=N)N)N=C(N)N,tmprss2
CN(C)C(=O)COC(=O)CC1=CC=C(C=C1)OC(=O)C2=CC=C(C=C2)N=C(N)N,tmprss2
CN(CC1=C(C(=CC(=C1)Br)Br)N)C2CCCCC2.Cl,tmprss2
CC(C[C@@H](C(=O)N[C@H](C(S(=O)(=O)O)O)CC1CCNC1=O)NC(=O)OCc1ccccc1)C,nsp5
C1=CC=C(C=C1)CN2C(=O)N(SC2=O)C3=CC=CC4=CC=CC=C43,nsp5
CC12CCC(=O)CC1CCC3C2C(CC4(C3CCC4C(=O)CO)C)O,nsp5
CN1C(=O)N(C(=O)S1)CC2=CC=CC=C2,nsp5
COc1ccc(C2CC(c3cccs3)=NN2C(=O)CCl)cc1OC,nsp5
Cc1cc(no1)C(=O)N[C@@H](C)C(=O)N[C@@H](C(C)C)C(=O)N[C@@H](CC(C)C)C(=O)N[C@@H](C[C@@H]2CCNC2=O)C=CC(=O)OCc3ccccc3,nsp5
CC(C)(C)NC(=O)N[C@H](C(=O)N1C[C@H]2[C@@H]([C@H]1C(=O)N[C@@H](CC3CCC3)C(=O)C(N)=O)C2(C)C)C(C)(C)C,nsp5
CC(C)C[C@@H](C(=O)N[C@@H](C[C@@H]1CCNC1=O)[C@@H](O)S(=O)(=O)O)NC(=O)OCc2ccccc2,nsp5
CC(C)(C)OC(=O)NC1=CC=CN(C1=O)[C@@H](CC2CC2)C(=O)N[C@@H](C[C@@H]3CCNC3=O)[C@H](C(=O)NCc4ccccc4)O,nsp5
CC(C)(C)c1ccc(cc1)N([C@H](c2cccnc2)C(=O)NC3CCCCC3)C(=O)c4c[nH]cn4,nsp5
c1cc(n2c1c(ncn2)N)[C@]3([C@@H]([C@@H]([C@H](O3)COP(=O)(O)O)O)O)C#N,nsp5
C1=NC2=C(N1)C(=S)N=C(N2)N,nsp3
C[C@H](C1=CC=CC2=C1C=CC=C2)NC(C3=C(C=CC(N)=C3)C)=O,nsp3
CC(=CCC1=CC2=C(C=C1O)OC(=O)C3=C2OC4=C3C=CC(=C4)O)C,nsp3
C1=C2C(=NC=NN2C(=C1)C3(C(C(C(O3)CO)O)O)C#N)N,nsp12
CCC(CC)COC(=O)C(C)NP(=O)(OCC1C(C(C(O1)(C#N)C2=CC=C3N2N=CN=C3N)O)O)OC4=CC=CC=C4,nsp12
O=c1nc(NO)ccn1[C@@H]1O[C@H](CO)[C@@H](O)[C@H]1O,nsp12
CCC(NCc1ccc(C(=N)N)cc1)C(=O)[C@@H](CCCNC(=N)N)NS(=O)(=O)Cc1ccccc1,tmprss2
N=C(N)NCCC[C@@H](NS(=O)(=O)Cc1ccccc1)C(=O)N1CCC[C@H]1C(=O)NCc1ccc(C(=N)N)cc1,tmprss2
CCC[C@H](NCc1ccc(C(=N)N)cc1)C(=O)[C@@H](CCCNC(=N)N)NS(=O)(=O)Cc1ccccc1,tmprss2
CON1C[C@@H]([C@H](O)[C@H](CC2CCCCC2)NC(=O)[C@H](Cc2c[nH]cn2)NC(=O)[C@H](Cc2ccccc2)NC(=O)OC(C)(C)C)OC1=O,nsp12
Cc1ccccc1-c1ccc(S(=O)(=O)[C@@H]2CCOC[C@]2(O)C(=O)NO)cc1,nsp12
CC(C)CCc1ccc(C(O)CNc2ccc(CCNCC(O)c3ccc(O)c(CO)c3)cc2)cc1,nsp12
CCNC(=O)c1ccc(-n2cnc3c(NCCC(F)(F)F)cc(Oc4ccc(O)c(F)c4)cc32)cc1C,nsp12
CNC(=O)Nc1nc([C@@H](CCN2CCC(c3ccccc3)CC2)C(=O)NCc2cc(C(F)(F)F)cc(C(F)(F)F)c2)cs1,nsp12
O=C(O)C[C@@H](CC(=O)Nc1ccc2ccccc2n1)c1ccccc1,ap2
CC1CN(c2nc3ccccc3cc2-c2ccccc2)CC(C)O1,ap2
COc1cccc(-c2cc(NC(C)=O)nc(-c3cccc(OC)c3)c2)c1,ap2
CC1CN(c2cc(-c3ccccc3)c3ccccc3n2)CC(C)O1,ap2
COc1cc(-c2cc(NC(C)=O)nc(-c3cc(OC)c(OC)c(OC)c3)c2)cc(OC)c1OC,ap2
CC(C)CCC(CBr)C#N,nsp5
CCOC(=O)c1cc2cc(-c3cccnc3)ccc2[nH]1,nsp5
CCOC(=O)c1cc2cc(-c3ccncc3)ccc2[nH]1,nsp5
O=C(Nc1cccnc1)c1ccc(-c2ccc(Cl)cc2)o1,nsp5
O=C(c1ccc(-c2ccccc2Cl)o1)n1cccn1,nsp5
O=C(Oc1cncc(Cl)c1)c1cc2ccccc2[nH]1,nsp5
CC(OC(C)(C)C)[C@H](NC(=O)OCc1ccccc1)C(=O)N[C@@H](CC1CCCCC1)C(=O)N[C@H](C=O)C[C@@H]1CCNC1=O,nsp5
COc1cccc(C(=O)Oc2cncc(Cl)c2)c1,nsp5
O=C(Oc1cncc(Br)c1)c1ccco1,nsp5
O=C(Oc1cncc(Cl)c1)c1ccc(-c2ccc(Cl)cc2)o1,nsp5
NC(=O)c1ccc2c(c1)C(=O)C(=O)N2Cc1ccc2ccccc2c1,nsp5
O=C(Oc1cncc(Cl)c1)c1cscn1,nsp5
CCOC(=O)/C=C/[C@H](C[C@@H]1CCNC1=O)NC(=O)[C@H](CC(C)C)NC(=O)[C@@H](NC(=O)OCc1ccccc1)C(C)OC(C)(C)C,nsp5
O=C(Oc1cncc(Cl)c1)c1cc2ccccc2o1,nsp5
O=C(Oc1cncc(Cl)c1)c1cc2ccccc2s1,nsp5
O=C(Oc1cncc(Cl)c1)c1ccco1,nsp5
Cc1cc(S(=O)(=O)c2c([N+](=O)[O-])cc(C(F)(F)F)cc2[N+](=O)[O-])c(Cl)cc1Cl,nsp5
COc1ccc(NC(=O)NCC(c2ccc(C(F)(F)F)cc2)N2CCN(C3CCCCC3)CC2)cc1,nsp3
NC(=O)Cc1cccc(NC(=O)c2n[nH]c3ccccc23)c1,nsp3
Cc1c(NC(=O)CSc2ccc(Cl)cc2)cccc1-c1nc2cc(Cl)ccc2o1,nsp3
COCCc1ccc(-c2c(C)nc3c(N4CCOCC4)ccnn23)cn1,nsp3
CC(C[C@@H](C(=O)N[C@@H](C[C@@H]1CCNC1=O)CCC(=O)C)NC(=O)[C@@H](NC(=O)OCc1ccccc1)CNC(=O)C(C)(C)C)C,nsp5
CC(C[C@@H](C(=O)N[C@@H](C[C@@H]1CCNC1=O)CCC(=O)C1CC1)NC(=O)[C@H]([C@H](OC(C)(C)C)C)NC(=O)OCc1ccccc1)C,nsp5
O=C([C@@H]1CC[N@@H+](CC1)[C@@H](c1cccc2c1cccc2)C)NCc1ccc2c(c1)OCO2,nsp3
O=C(N(c1ccc(cc1)NC(=O)c1cccs1)Cc1cscc1)Cn1nnc2c1cccc2,nsp5
O=C(c1ccccc1)Nc1ccc(cc1)N(C(=O)Cn1nnc2c1cccc2)Cc1ccsc1,nsp5
OC[C@H]1O[C@H](O[C@@H]2[C@@H](NC(=O)C)[C@@H](O)O[C@@H]([C@H]2O)CO[C@H]2O[C@H](CO)[C@H]([C@@H]([C@H]2O)O)O)[C@@H]([C@H]([C@H]1O[C@H]1O[C@H](CO[C@@H]2O[C@@H](C)[C@@H]([C@H]([C@H]2O)O)O)[C@H]([C@@H]([C@H]1O)O)O)O[C@@H]1O[C@H](CO)[C@H]([C@@H]([C@H]1NC(=O)C)O)O)O,s
OP(OP(O)(O)O)(OP(O)(O)O)O,nsp12
OCCNc1ccc2c3c1cccc3c(=O)n(c2=O)c1cccc(c1)Br,nsp12
CCN1C2=NC(=O)N(C(=O)C2=NC(=N1)C3=CC=CC=C3)C,nsp3
C1=CC(=CN=C1)OC(=O)C2=CC=C(C=C2)Cl.Cl,nsp3
CC1=CC=C(C=C1)C(=O)OC2=CC3=C(C=C2)N(C=N3)C,nsp3
CN1C=NC2=C1C=CC(=C2)NC(=O)C3=CC=C(C=C3)Cl,nsp3
CN1C2=NC(=O)N(C(=O)C2=NC(=N1)C3=CC=C(C=C3)Cl)C,nsp3
COC1=CC=C(C=C1)C(=O)N2C3=CC4=C(C=C3N=C2SC)OCCO4,nsp3
C1=CC=C(C(=C1)C(=O)NC2=CC(=C(C=C2)OCC(C(F)F)(F)F)C(F)(F)F)O,nsp3
C1=CC=C2C(=C1)N=NN2CC(=O)C3=CC=C(C=C3)Cl,nsp3
C1=CC=C2C(=C1)N=NN2CC(=O)C3=CC=C(C=C3)Br,nsp3
C1=CC=C(C=C1)C2=CSC(=C2C(=O)O)NC(=O)/C=C/C3=CC=CS3,nsp3
C1=CC2=C(C=C1C(=O)O)SC=N2,nsp3
C1=CC(=C(C(=C1)Cl)/C=C/C(=O)NC2=CN=CC=C2)F,nsp3
C1=CC=C(C(=C1)/C=C/C(=O)NC2=CN=CC=C2)Cl,nsp3
C1=CC=C2C(=C1)C=CC(=C2/C=N\NC(=O)C3=CC(=CN=C3)Br)O,nsp3
C1=CC=C2C(=C1)C(=C(N2)C(=O)O)C(C3=C(C=CC(=C3)Br)O)C4=C(NC5=CC=CC=C54)C(=O)O,nsp3
CCCCOC1=CC=C(C=C1)C(=O)OC2=CN=CC=C2,nsp3
CC1=C(C=C(C=C1)C(=O)N2C=NC3=CC=CC=C32)C,nsp3
CC1=C(C=C(C=C1)C(=O)O)NC(=S)NC(=O)C2=CC=C(C=C2)COC3=CC=CC=C3,nsp3
CC1=CC=C(C=C1)C(=O)C2=C3C=CC=CC3=[N+](N2CCC(=O)N)[O-],nsp3
c1ccc(cc1)C2=CC(=O)c3c(cc(c(c3O)O)O)O2,nsp5
	CN1CCN(CC1)C(=O)Cc2c[nH]c3c2cccn3,nsp5
c1ccc(cc1)NC(=O)Nc2cccnc2,nsp5
CC(=O)N[C@@H]1[C@H]([C@@H]([C@H](O[C@H]1O)CO)O)O,s
	c1c(cncn1)N,nsp5
Cc1ccc(cc1)OCC(=O)N2CC[NH+](CC2)C,nsp5
c1cc(ccc1CNC(=O)N2CCOCC2)C#N,nsp5
CC(=O)Nc1cccc(c1)C(=O)N2CCSCC2,nsp5
CC(=O)Nc1cccc(c1)N2CCCC2=O,nsp5
c1cscc1[C@@H]2CCC[C@@H]2C(=O)N,nsp5
CC(=O)N1CCC(CC1)NC(=O)c2ccccc2,nsp5
c1cc(ncc1N2CCCOCC2)C#N,nsp5
Cc1ccncc1NC(=O)C,nsp5
c1cnccc1CCNC(=O)NC2CCCCC2,nsp5
CC(=O)NCc1ccc2c(c1)OCO2,nsp5
CC(=O)N1CCN(CC1)Cc2ccc(s2)Br,nsp5
CC(=O)N1CCC(CC1)C(=O)Nc2ccccc2O,nsp5
c1cscc1CN2CCC(CC2)O,nsp5
CC(=O)N1Cc2ccccc2[C@@H](C1)c3ccccc3,nsp5
CC(=O)N1CCN(CC1)c2ccc(cc2)OC,nsp5
CC(=O)Nc1nc2c(cccc2s1)OC,nsp5
CC(=O)N1CCN(CC1)Cc2cccc3c2cccc3,nsp5
CC(=O)N(c1ccc(cc1)F)[C@H]2CS(=O)(=O)C=C2,nsp5
CC(=O)N1CCN(CC1)S(=O)(=O)c2ccc(cc2)Cl,nsp5
C[C@H](c1cccc(c1)Cl)NC(=O)C,nsp5
Cc1cccc(c1)CN2CCN(CC2)C(=O)C,nsp5
CC(=O)N1CCN(CC1)Cc2cccs2,nsp5
CC(=O)N1CCC[C@H](C1)c2nc3ccccc3s2,nsp5
CC(=O)N1CCN(CC1)C(=O)c2cccs2,nsp5
CC(=O)N1CCN(CC1)S(=O)(=O)c2cccc(c2)F,nsp5
CC(=O)N1CCN(CC1)Cc2ccsc2,nsp5
C[C@@H](c1cccc2c1cccc2)NC(=O)C,nsp5
CC(=O)N1CCN(CC1)S(=O)(=O)c2ccccc2F,nsp5
CC(=O)N1CCN(CC1)Cc2ccc(s2)Cl,nsp5
CC(=O)N(c1ccccc1)[C@@H]2CS(=O)(=O)C=C2,nsp5
CC(=O)N1CCO[C@H](C1)c2ccc(cc2)F,nsp5
Cc1ccc(cc1)N([C@H]2CS(=O)(=O)C=C2)C(=O)C,nsp5
CC(=O)N1CCN(CC1)S(=O)(=O)c2ccccc2C#N,nsp5
CC(=O)N1CCN(CC1)C(=O)C,nsp5
CC(=O)Nc1cccnc1Cl,nsp5
CC(=O)N1CCC(CC1)C(=O)N2CCCCC2,nsp5
Cc1ccc(c(c1)S(=O)(=O)N2CCN(CC2)C(=O)C)C,nsp5
CC(=O)N1CCN(CC1)c2ccccc2[N+](=O)[O-],nsp5
CC(=O)N1CCN(CC1)S(=O)(=O)c2c(cccc2F)F,nsp5
CC(C)(C)OC(=O)NC1=CC=CN(C1=O)[C@@H](CC2CCCCC2)C(=O)N[C@@H](C[C@@H]3CC=NC3=O)[C@H](C(=O)NC4CC4)O,nsp5
CC1([C@@H]2[C@H]1[C@H](N(C2)C(=O)[C@H](C(C)(C)C)NC(=O)NC(C)(C)C)C(=O)N[C@@H](CC3CCC3)[C@H](C(=O)N)O)C,nsp5
Cc1ccc(cc1C(=O)N[C@H](C)c2cccc3c2cccc3)N,nsp3
C[C@H](c1cccc2c1cccc2)N3CCC(CC3)C(=O)NCc4ccc5c(c4)OCO5,nsp3
C[C@H](c1cccc2c1cccc2)N3CCC(CC3)C(=O)NCc4ccc(cc4)F,nsp3
C[C@H](c1cccc2c1cccc2)N3CCC(CC3)C(=O)NCc4cccc(c4)F,nsp3
CC(=O)NCCc1c[nH]c2c1cc(cc2)F,nsp5
c1nc(c2c(n1)n(cn2)[C@H]3[C@@H]([C@@H]([C@H](O3)CO[P@](=O)(O)O[P@](=O)(O)OC[C@@H]4[C@H]([C@H]([C@@H](O4)O)O)O)O)O)N,nsp3
